4.830123552422381505e-02,-2.629657001836647745e-01,1.190219212770955215e+00,6.242472492990932542e-01,-8.141634359064574555e-01,5.404629697116543063e-01,0.000000000000000000e+00,0.000000000000000000e+00,1.000000000000000000e+00,1.000000000000000000e+00,0.000000000000000000e+00,1.000000000000000000e+00,0.000000000000000000e+00,0.000000000000000000e+00,0.000000000000000000e+00,0.000000000000000000e+00,1.000000000000000000e+00,0.000000000000000000e+00
-1.642242007823615790e-01,4.442795239795698792e-01,-9.407985631796148551e-01,6.227896564860336583e-03,-8.141634359064574555e-01,-9.182866198341532726e-01,1.000000000000000000e+00,0.000000000000000000e+00,0.000000000000000000e+00,0.000000000000000000e+00,0.000000000000000000e+00,1.000000000000000000e+00,0.000000000000000000e+00,0.000000000000000000e+00,0.000000000000000000e+00,1.000000000000000000e+00,0.000000000000000000e+00,1.000000000000000000e+00
1.854767444130199561e+00,-9.975526383830292387e-02,1.658673204685352787e-01,-8.821749229905994083e-01,-8.141634359064574555e-01,5.404629697116543063e-01,0.000000000000000000e+00,0.000000000000000000e+00,1.000000000000000000e+00,1.000000000000000000e+00,0.000000000000000000e+00,1.000000000000000000e+00,0.000000000000000000e+00,0.000000000000000000e+00,0.000000000000000000e+00,1.000000000000000000e+00,0.000000000000000000e+00,1.000000000000000000e+00
1.429716571517028800e+00,5.530864815431444370e-01,6.140212733508439991e-01,-4.959128275317038481e-01,1.436250385132157747e+00,5.404629697116543063e-01,0.000000000000000000e+00,0.000000000000000000e+00,0.000000000000000000e+00,0.000000000000000000e+00,0.000000000000000000e+00,0.000000000000000000e+00,0.000000000000000000e+00,0.000000000000000000e+00,0.000000000000000000e+00,1.000000000000000000e+00,1.000000000000000000e+00,0.000000000000000000e+00
1.429716571517028800e+00,1.532349099615315513e+00,1.656665163730092871e+00,-3.027817798022561235e-01,-8.141634359064574555e-01,5.404629697116543063e-01,0.000000000000000000e+00,0.000000000000000000e+00,1.000000000000000000e+00,1.000000000000000000e+00,0.000000000000000000e+00,1.000000000000000000e+00,0.000000000000000000e+00,0.000000000000000000e+00,0.000000000000000000e+00,1.000000000000000000e+00,1.000000000000000000e+00,1.000000000000000000e+00
-1.226851382315288452e+00,7.162969178885063570e-01,-1.855398467021061260e+00,-1.500194275724832327e+00,-8.141634359064574555e-01,5.404629697116543063e-01,0.000000000000000000e+00,0.000000000000000000e+00,1.000000000000000000e+00,0.000000000000000000e+00,0.000000000000000000e+00,1.000000000000000000e+00,0.000000000000000000e+00,0.000000000000000000e+00,0.000000000000000000e+00,1.000000000000000000e+00,0.000000000000000000e+00,1.000000000000000000e+00
5.796148262906872795e-01,-9.975526383830292387e-02,-1.855398467021061260e+00,-3.800341988940352245e-01,9.861676209244346625e-01,5.404629697116543063e-01,0.000000000000000000e+00,1.000000000000000000e+00,0.000000000000000000e+00,0.000000000000000000e+00,0.000000000000000000e+00,0.000000000000000000e+00,1.000000000000000000e+00,0.000000000000000000e+00,0.000000000000000000e+00,1.000000000000000000e+00,0.000000000000000000e+00,1.000000000000000000e+00
-1.439376818621873833e+00,-1.187824839474048488e+00,-3.280166276058457675e-01,-9.208011325364889865e-01,9.861676209244346625e-01,-9.182866198341532726e-01,0.000000000000000000e+00,0.000000000000000000e+00,1.000000000000000000e+00,0.000000000000000000e+00,1.000000000000000000e+00,1.000000000000000000e+00,0.000000000000000000e+00,0.000000000000000000e+00,1.000000000000000000e+00,1.000000000000000000e+00,0.000000000000000000e+00,1.000000000000000000e+00
-8.018005097021176919e-01,-1.731859627291921333e+00,-1.855398467021061260e+00,-1.869031511645874444e-01,-3.154593809786617520e+00,5.404629697116543063e-01,0.000000000000000000e+00,0.000000000000000000e+00,1.000000000000000000e+00,1.000000000000000000e+00,0.000000000000000000e+00,1.000000000000000000e+00,0.000000000000000000e+00,0.000000000000000000e+00,0.000000000000000000e+00,1.000000000000000000e+00,0.000000000000000000e+00,0.000000000000000000e+00
-5.796148262906887505e-02,-9.975526383830292387e-02,-5.363665645341185451e-02,5.469948302073140978e-01,2.660351981920778819e-01,-9.182866198341532726e-01,0.000000000000000000e+00,1.000000000000000000e+00,0.000000000000000000e+00,0.000000000000000000e+00,1.000000000000000000e+00,0.000000000000000000e+00,1.000000000000000000e+00,0.000000000000000000e+00,0.000000000000000000e+00,1.000000000000000000e+00,1.000000000000000000e+00,0.000000000000000000e+00
-1.864427691235044593e+00,-9.975526383830292387e-02,5.611533200756171902e-02,1.551276278400442576e+00,-8.141634359064574555e-01,-9.182866198341532726e-01,0.000000000000000000e+00,1.000000000000000000e+00,0.000000000000000000e+00,0.000000000000000000e+00,0.000000000000000000e+00,1.000000000000000000e+00,0.000000000000000000e+00,0.000000000000000000e+00,0.000000000000000000e+00,1.000000000000000000e+00,0.000000000000000000e+00,0.000000000000000000e+00
5.796148262906872795e-01,2.620418675251061202e+00,9.269932816121957686e-02,-1.461568066178942749e+00,-8.141634359064574555e-01,-9.182866198341532726e-01,0.000000000000000000e+00,1.000000000000000000e+00,0.000000000000000000e+00,0.000000000000000000e+00,0.000000000000000000e+00,1.000000000000000000e+00,0.000000000000000000e+00,0.000000000000000000e+00,0.000000000000000000e+00,1.000000000000000000e+00,0.000000000000000000e+00,0.000000000000000000e+00
1.004665698903858040e+00,2.266656088524207635e-01,-1.855398467021061260e+00,-2.079587418913175778e+00,-8.141634359064574555e-01,5.404629697116543063e-01,0.000000000000000000e+00,0.000000000000000000e+00,1.000000000000000000e+00,0.000000000000000000e+00,0.000000000000000000e+00,1.000000000000000000e+00,0.000000000000000000e+00,0.000000000000000000e+00,1.000000000000000000e+00,1.000000000000000000e+00,0.000000000000000000e+00,1.000000000000000000e+00
-4.830123552422396216e-01,-9.975526383830292387e-02,1.263387205078271069e+00,-6.890438752611516282e-01,8.600209250898868674e-02,5.404629697116543063e-01,0.000000000000000000e+00,0.000000000000000000e+00,1.000000000000000000e+00,0.000000000000000000e+00,0.000000000000000000e+00,1.000000000000000000e+00,0.000000000000000000e+00,0.000000000000000000e+00,0.000000000000000000e+00,1.000000000000000000e+00,0.000000000000000000e+00,1.000000000000000000e+00
-1.970690409388337283e+00,-6.437900516561757547e-01,9.615692368105936971e-01,1.628528697492221511e+00,-8.141634359064574555e-01,-9.182866198341532726e-01,1.000000000000000000e+00,0.000000000000000000e+00,0.000000000000000000e+00,0.000000000000000000e+00,1.000000000000000000e+00,1.000000000000000000e+00,0.000000000000000000e+00,0.000000000000000000e+00,0.000000000000000000e+00,1.000000000000000000e+00,0.000000000000000000e+00,0.000000000000000000e+00
-1.014325946008703072e+00,-6.437900516561757547e-01,5.499992800819427652e-01,1.358145230670994685e+00,-8.141634359064574555e-01,-9.182866198341532726e-01,1.000000000000000000e+00,0.000000000000000000e+00,0.000000000000000000e+00,0.000000000000000000e+00,0.000000000000000000e+00,0.000000000000000000e+00,0.000000000000000000e+00,0.000000000000000000e+00,1.000000000000000000e+00,1.000000000000000000e+00,0.000000000000000000e+00,0.000000000000000000e+00
1.429716571517028800e+00,1.097121269361017282e+00,8.355332912280510893e-02,4.697424111155349968e-01,-9.403101317410050841e-02,-9.182866198341532726e-01,0.000000000000000000e+00,1.000000000000000000e+00,0.000000000000000000e+00,0.000000000000000000e+00,1.000000000000000000e+00,1.000000000000000000e+00,0.000000000000000000e+00,0.000000000000000000e+00,1.000000000000000000e+00,1.000000000000000000e+00,0.000000000000000000e+00,0.000000000000000000e+00
3.670893899841018992e-01,-1.187824839474048488e+00,-5.363665645341185451e-02,-1.461568066178942749e+00,-8.141634359064574555e-01,-9.182866198341532726e-01,0.000000000000000000e+00,0.000000000000000000e+00,1.000000000000000000e+00,0.000000000000000000e+00,1.000000000000000000e+00,1.000000000000000000e+00,0.000000000000000000e+00,0.000000000000000000e+00,0.000000000000000000e+00,1.000000000000000000e+00,0.000000000000000000e+00,0.000000000000000000e+00
1.748504725976906871e+00,1.314735184488166508e+00,3.853712973904824257e-01,1.993589442943081158e-01,-8.141634359064574555e-01,-9.182866198341532726e-01,1.000000000000000000e+00,0.000000000000000000e+00,0.000000000000000000e+00,0.000000000000000000e+00,1.000000000000000000e+00,0.000000000000000000e+00,0.000000000000000000e+00,0.000000000000000000e+00,0.000000000000000000e+00,1.000000000000000000e+00,0.000000000000000000e+00,0.000000000000000000e+00
7.921402625972726597e-01,-6.437900516561757547e-01,-1.855398467021061260e+00,-2.234092257096733647e+00,-8.141634359064574555e-01,5.404629697116543063e-01,0.000000000000000000e+00,1.000000000000000000e+00,0.000000000000000000e+00,0.000000000000000000e+00,0.000000000000000000e+00,1.000000000000000000e+00,0.000000000000000000e+00,0.000000000000000000e+00,0.000000000000000000e+00,1.000000000000000000e+00,0.000000000000000000e+00,1.000000000000000000e+00
-1.642242007823615790e-01,-6.437900516561757547e-01,1.117051220463639583e+00,1.319519021125105107e+00,-6.341303302233681771e-01,-9.182866198341532726e-01,1.000000000000000000e+00,0.000000000000000000e+00,0.000000000000000000e+00,0.000000000000000000e+00,0.000000000000000000e+00,0.000000000000000000e+00,0.000000000000000000e+00,0.000000000000000000e+00,0.000000000000000000e+00,1.000000000000000000e+00,0.000000000000000000e+00,0.000000000000000000e+00
-1.226851382315288452e+00,-6.437900516561757547e-01,8.426712493112056279e-01,9.332569256662096580e-01,-8.141634359064574555e-01,-9.182866198341532726e-01,1.000000000000000000e+00,0.000000000000000000e+00,0.000000000000000000e+00,0.000000000000000000e+00,0.000000000000000000e+00,0.000000000000000000e+00,0.000000000000000000e+00,0.000000000000000000e+00,0.000000000000000000e+00,1.000000000000000000e+00,0.000000000000000000e+00,0.000000000000000000e+00
5.796148262906872795e-01,4.442795239795698792e-01,5.591452791203572747e-01,-7.276700848070412064e-01,-8.141634359064574555e-01,5.404629697116543063e-01,0.000000000000000000e+00,0.000000000000000000e+00,1.000000000000000000e+00,0.000000000000000000e+00,1.000000000000000000e+00,1.000000000000000000e+00,0.000000000000000000e+00,0.000000000000000000e+00,0.000000000000000000e+00,1.000000000000000000e+00,1.000000000000000000e+00,1.000000000000000000e+00
-1.014325946008703072e+00,-7.525970092197503680e-01,3.579333002752390636e-01,4.311162015696454186e-01,-5.441137773818236489e-01,5.404629697116543063e-01,0.000000000000000000e+00,1.000000000000000000e+00,0.000000000000000000e+00,0.000000000000000000e+00,0.000000000000000000e+00,1.000000000000000000e+00,0.000000000000000000e+00,0.000000000000000000e+00,0.000000000000000000e+00,0.000000000000000000e+00,0.000000000000000000e+00,0.000000000000000000e+00
-2.076953127541630195e+00,-7.525970092197503680e-01,6.526133104597618695e-02,2.092043212042896450e+00,-1.840475660156452031e-01,-9.182866198341532726e-01,1.000000000000000000e+00,0.000000000000000000e+00,0.000000000000000000e+00,0.000000000000000000e+00,0.000000000000000000e+00,0.000000000000000000e+00,0.000000000000000000e+00,0.000000000000000000e+00,0.000000000000000000e+00,0.000000000000000000e+00,0.000000000000000000e+00,0.000000000000000000e+00
6.858775444439799696e-01,-6.437900516561757547e-01,-1.855398467021061260e+00,-1.869031511645874444e-01,9.861676209244346625e-01,-9.182866198341532726e-01,0.000000000000000000e+00,0.000000000000000000e+00,1.000000000000000000e+00,0.000000000000000000e+00,0.000000000000000000e+00,0.000000000000000000e+00,0.000000000000000000e+00,0.000000000000000000e+00,1.000000000000000000e+00,1.000000000000000000e+00,0.000000000000000000e+00,1.000000000000000000e+00
-6.955377915488250018e-01,1.532349099615315513e+00,5.499992800819427652e-01,1.396771440216884264e+00,-8.141634359064574555e-01,-9.182866198341532726e-01,1.000000000000000000e+00,0.000000000000000000e+00,0.000000000000000000e+00,0.000000000000000000e+00,0.000000000000000000e+00,1.000000000000000000e+00,0.000000000000000000e+00,0.000000000000000000e+00,0.000000000000000000e+00,1.000000000000000000e+00,0.000000000000000000e+00,0.000000000000000000e+00
2.173555598590077409e+00,9.883143117974426684e-01,5.042692848898704394e-01,-3.027817798022561235e-01,2.786498677755326892e+00,5.404629697116543063e-01,0.000000000000000000e+00,0.000000000000000000e+00,1.000000000000000000e+00,1.000000000000000000e+00,0.000000000000000000e+00,0.000000000000000000e+00,1.000000000000000000e+00,0.000000000000000000e+00,0.000000000000000000e+00,1.000000000000000000e+00,1.000000000000000000e+00,1.000000000000000000e+00
1.545639536775164913e-01,-9.158074455651121770e-01,-1.855398467021061260e+00,6.628734588449827214e-01,-7.241468830649128163e-01,5.404629697116543063e-01,0.000000000000000000e+00,0.000000000000000000e+00,1.000000000000000000e+00,0.000000000000000000e+00,0.000000000000000000e+00,1.000000000000000000e+00,0.000000000000000000e+00,0.000000000000000000e+00,0.000000000000000000e+00,1.000000000000000000e+00,0.000000000000000000e+00,0.000000000000000000e+00
-1.642242007823615790e-01,-1.079017881910474097e+00,2.481813118142654762e-01,8.560045065744305015e-01,-8.141634359064574555e-01,5.404629697116543063e-01,0.000000000000000000e+00,0.000000000000000000e+00,1.000000000000000000e+00,0.000000000000000000e+00,0.000000000000000000e+00,0.000000000000000000e+00,0.000000000000000000e+00,0.000000000000000000e+00,0.000000000000000000e+00,1.000000000000000000e+00,0.000000000000000000e+00,0.000000000000000000e+00
8.984029807505653498e-01,-6.437900516561757547e-01,7.146272627734031602e-01,-1.345689437541274014e+00,4.460683038751670493e-01,5.404629697116543063e-01,1.000000000000000000e+00,0.000000000000000000e+00,0.000000000000000000e+00,0.000000000000000000e+00,1.000000000000000000e+00,1.000000000000000000e+00,0.000000000000000000e+00,0.000000000000000000e+00,1.000000000000000000e+00,1.000000000000000000e+00,0.000000000000000000e+00,0.000000000000000000e+00
7.921402625972726597e-01,9.883143117974426684e-01,3.670792993136535176e-01,-3.239831298102921475e-02,8.600209250898868674e-02,-9.182866198341532726e-01,0.000000000000000000e+00,1.000000000000000000e+00,0.000000000000000000e+00,0.000000000000000000e+00,0.000000000000000000e+00,1.000000000000000000e+00,0.000000000000000000e+00,0.000000000000000000e+00,0.000000000000000000e+00,1.000000000000000000e+00,1.000000000000000000e+00,1.000000000000000000e+00
3.670893899841018992e-01,-4.261761365290266390e-01,5.317072820051138571e-01,1.221065252025290010e-01,-5.441137773818236489e-01,-9.182866198341532726e-01,1.000000000000000000e+00,0.000000000000000000e+00,0.000000000000000000e+00,0.000000000000000000e+00,0.000000000000000000e+00,0.000000000000000000e+00,0.000000000000000000e+00,0.000000000000000000e+00,1.000000000000000000e+00,1.000000000000000000e+00,0.000000000000000000e+00,0.000000000000000000e+00
-1.439376818621873833e+00,-6.437900516561757547e-01,2.406637084880078881e+00,5.469948302073140978e-01,8.600209250898868674e-02,5.404629697116543063e-01,0.000000000000000000e+00,0.000000000000000000e+00,1.000000000000000000e+00,0.000000000000000000e+00,0.000000000000000000e+00,1.000000000000000000e+00,0.000000000000000000e+00,1.000000000000000000e+00,0.000000000000000000e+00,1.000000000000000000e+00,0.000000000000000000e+00,1.000000000000000000e+00
-4.830123552422396216e-01,1.532349099615315513e+00,-2.091186401064577538e-01,7.014996683908722996e-01,8.600209250898868674e-02,5.404629697116543063e-01,0.000000000000000000e+00,1.000000000000000000e+00,0.000000000000000000e+00,0.000000000000000000e+00,0.000000000000000000e+00,1.000000000000000000e+00,0.000000000000000000e+00,0.000000000000000000e+00,0.000000000000000000e+00,0.000000000000000000e+00,0.000000000000000000e+00,0.000000000000000000e+00
-1.120588664161995762e+00,-1.731859627291921333e+00,1.841593185453642145e-01,1.607327347484185653e-01,-8.141634359064574555e-01,-9.182866198341532726e-01,0.000000000000000000e+00,0.000000000000000000e+00,0.000000000000000000e+00,0.000000000000000000e+00,0.000000000000000000e+00,1.000000000000000000e+00,0.000000000000000000e+00,0.000000000000000000e+00,0.000000000000000000e+00,0.000000000000000000e+00,0.000000000000000000e+00,0.000000000000000000e+00
5.796148262906872795e-01,-9.975526383830292387e-02,1.053029227194738349e+00,-6.890438752611516282e-01,8.600209250898868674e-02,-9.182866198341532726e-01,0.000000000000000000e+00,1.000000000000000000e+00,0.000000000000000000e+00,0.000000000000000000e+00,0.000000000000000000e+00,1.000000000000000000e+00,0.000000000000000000e+00,0.000000000000000000e+00,0.000000000000000000e+00,1.000000000000000000e+00,0.000000000000000000e+00,1.000000000000000000e+00
1.110928417057150730e+00,6.618934391067190504e-01,-1.855398467021061260e+00,-6.117914561693725828e-01,8.600209250898868674e-02,5.404629697116543063e-01,0.000000000000000000e+00,0.000000000000000000e+00,1.000000000000000000e+00,1.000000000000000000e+00,0.000000000000000000e+00,1.000000000000000000e+00,0.000000000000000000e+00,0.000000000000000000e+00,0.000000000000000000e+00,1.000000000000000000e+00,0.000000000000000000e+00,1.000000000000000000e+00
4.733521081373945893e-01,9.883143117974426684e-01,6.140212733508439991e-01,-1.036679761174157610e+00,-9.403101317410050841e-02,-9.182866198341532726e-01,0.000000000000000000e+00,0.000000000000000000e+00,1.000000000000000000e+00,0.000000000000000000e+00,1.000000000000000000e+00,0.000000000000000000e+00,0.000000000000000000e+00,0.000000000000000000e+00,1.000000000000000000e+00,1.000000000000000000e+00,0.000000000000000000e+00,1.000000000000000000e+00
1.535979289670321490e+00,3.354725664159953213e-01,-1.855398467021061260e+00,-3.027817798022561235e-01,1.886333149339880944e+00,5.404629697116543063e-01,0.000000000000000000e+00,0.000000000000000000e+00,1.000000000000000000e+00,0.000000000000000000e+00,0.000000000000000000e+00,1.000000000000000000e+00,0.000000000000000000e+00,0.000000000000000000e+00,0.000000000000000000e+00,1.000000000000000000e+00,0.000000000000000000e+00,1.000000000000000000e+00
6.858775444439799696e-01,-9.975526383830292387e-02,-1.542426458759709462e-01,8.348031565663945053e-02,-3.640806716987343705e-01,5.404629697116543063e-01,0.000000000000000000e+00,0.000000000000000000e+00,1.000000000000000000e+00,1.000000000000000000e+00,0.000000000000000000e+00,1.000000000000000000e+00,0.000000000000000000e+00,0.000000000000000000e+00,0.000000000000000000e+00,1.000000000000000000e+00,1.000000000000000000e+00,1.000000000000000000e+00
-1.333114100468581142e+00,-6.437900516561757547e-01,3.122033050831667378e-01,6.227896564860336583e-03,8.600209250898868674e-02,5.404629697116543063e-01,0.000000000000000000e+00,0.000000000000000000e+00,1.000000000000000000e+00,0.000000000000000000e+00,0.000000000000000000e+00,1.000000000000000000e+00,0.000000000000000000e+00,0.000000000000000000e+00,0.000000000000000000e+00,1.000000000000000000e+00,0.000000000000000000e+00,1.000000000000000000e+00
3.670893899841018992e-01,4.442795239795698792e-01,1.018453271996340448e-01,2.379851538401976663e-01,9.861676209244346625e-01,5.404629697116543063e-01,0.000000000000000000e+00,0.000000000000000000e+00,1.000000000000000000e+00,1.000000000000000000e+00,0.000000000000000000e+00,1.000000000000000000e+00,0.000000000000000000e+00,1.000000000000000000e+00,0.000000000000000000e+00,1.000000000000000000e+00,0.000000000000000000e+00,1.000000000000000000e+00
-1.333114100468581142e+00,-1.459842233382985022e+00,-4.449065741499738658e-02,1.165014182941547016e+00,-8.141634359064574555e-01,5.404629697116543063e-01,1.000000000000000000e+00,0.000000000000000000e+00,0.000000000000000000e+00,0.000000000000000000e+00,0.000000000000000000e+00,0.000000000000000000e+00,0.000000000000000000e+00,0.000000000000000000e+00,0.000000000000000000e+00,0.000000000000000000e+00,0.000000000000000000e+00,0.000000000000000000e+00
-1.333114100468581142e+00,-6.437900516561757547e-01,8.426712493112056279e-01,1.242266602033326173e+00,-8.141634359064574555e-01,-9.182866198341532726e-01,1.000000000000000000e+00,0.000000000000000000e+00,0.000000000000000000e+00,0.000000000000000000e+00,0.000000000000000000e+00,1.000000000000000000e+00,0.000000000000000000e+00,0.000000000000000000e+00,0.000000000000000000e+00,1.000000000000000000e+00,0.000000000000000000e+00,0.000000000000000000e+00
3.670893899841018992e-01,-5.349830940926011413e-01,5.591452791203572747e-01,-1.461568066178942749e+00,-8.141634359064574555e-01,5.404629697116543063e-01,0.000000000000000000e+00,0.000000000000000000e+00,1.000000000000000000e+00,0.000000000000000000e+00,1.000000000000000000e+00,1.000000000000000000e+00,0.000000000000000000e+00,0.000000000000000000e+00,0.000000000000000000e+00,1.000000000000000000e+00,0.000000000000000000e+00,0.000000000000000000e+00
4.733521081373945893e-01,-9.975526383830292387e-02,9.269932816121957686e-02,8.348031565663945053e-02,-8.141634359064574555e-01,5.404629697116543063e-01,0.000000000000000000e+00,1.000000000000000000e+00,0.000000000000000000e+00,1.000000000000000000e+00,0.000000000000000000e+00,1.000000000000000000e+00,0.000000000000000000e+00,1.000000000000000000e+00,0.000000000000000000e+00,1.000000000000000000e+00,0.000000000000000000e+00,0.000000000000000000e+00
1.642242007823614180e+00,4.442795239795698792e-01,4.696933296914725109e-02,8.348031565663945053e-02,9.861676209244346625e-01,5.404629697116543063e-01,0.000000000000000000e+00,0.000000000000000000e+00,1.000000000000000000e+00,1.000000000000000000e+00,0.000000000000000000e+00,1.000000000000000000e+00,0.000000000000000000e+00,0.000000000000000000e+00,0.000000000000000000e+00,1.000000000000000000e+00,0.000000000000000000e+00,1.000000000000000000e+00
-1.651902254928459213e+00,-2.167087457546219564e+00,-7.853165795265689697e-01,-1.482769416186978939e-01,1.436250385132157747e+00,5.404629697116543063e-01,0.000000000000000000e+00,0.000000000000000000e+00,1.000000000000000000e+00,0.000000000000000000e+00,0.000000000000000000e+00,1.000000000000000000e+00,0.000000000000000000e+00,0.000000000000000000e+00,0.000000000000000000e+00,1.000000000000000000e+00,0.000000000000000000e+00,1.000000000000000000e+00
-9.080632278554103820e-01,-1.514245712164772328e+00,4.696933296914725109e-02,3.924899920237558959e-01,1.886333149339880944e+00,-9.182866198341532726e-01,0.000000000000000000e+00,0.000000000000000000e+00,1.000000000000000000e+00,0.000000000000000000e+00,1.000000000000000000e+00,1.000000000000000000e+00,0.000000000000000000e+00,0.000000000000000000e+00,0.000000000000000000e+00,1.000000000000000000e+00,0.000000000000000000e+00,1.000000000000000000e+00
-9.080632278554103820e-01,-9.975526383830292387e-02,2.847653079679233201e-01,1.435397649762773842e+00,-2.740641188571897868e-01,-9.182866198341532726e-01,1.000000000000000000e+00,0.000000000000000000e+00,0.000000000000000000e+00,0.000000000000000000e+00,1.000000000000000000e+00,1.000000000000000000e+00,0.000000000000000000e+00,0.000000000000000000e+00,0.000000000000000000e+00,0.000000000000000000e+00,0.000000000000000000e+00,0.000000000000000000e+00
4.733521081373945893e-01,-9.975526383830292387e-02,-1.855398467021061260e+00,-1.461568066178942749e+00,8.600209250898868674e-02,5.404629697116543063e-01,0.000000000000000000e+00,0.000000000000000000e+00,1.000000000000000000e+00,1.000000000000000000e+00,0.000000000000000000e+00,1.000000000000000000e+00,0.000000000000000000e+00,1.000000000000000000e+00,0.000000000000000000e+00,1.000000000000000000e+00,0.000000000000000000e+00,1.000000000000000000e+00
-1.758164973081751903e+00,-9.975526383830292387e-02,-2.731406333753589877e-01,1.783033535675779824e+00,-8.141634359064574555e-01,-9.182866198341532726e-01,0.000000000000000000e+00,0.000000000000000000e+00,1.000000000000000000e+00,1.000000000000000000e+00,0.000000000000000000e+00,1.000000000000000000e+00,0.000000000000000000e+00,0.000000000000000000e+00,0.000000000000000000e+00,0.000000000000000000e+00,0.000000000000000000e+00,0.000000000000000000e+00
1.323453853363736110e+00,1.532349099615315513e+00,2.298893137374365403e-01,6.227896564860336583e-03,1.256217279449068469e+00,-9.182866198341532726e-01,0.000000000000000000e+00,0.000000000000000000e+00,1.000000000000000000e+00,0.000000000000000000e+00,1.000000000000000000e+00,0.000000000000000000e+00,0.000000000000000000e+00,1.000000000000000000e+00,0.000000000000000000e+00,1.000000000000000000e+00,0.000000000000000000e+00,0.000000000000000000e+00
-1.333114100468581142e+00,-1.079017881910474097e+00,5.957292752740150910e-01,1.319519021125105107e+00,-8.141634359064574555e-01,-9.182866198341532726e-01,0.000000000000000000e+00,1.000000000000000000e+00,0.000000000000000000e+00,0.000000000000000000e+00,1.000000000000000000e+00,0.000000000000000000e+00,0.000000000000000000e+00,0.000000000000000000e+00,0.000000000000000000e+00,0.000000000000000000e+00,0.000000000000000000e+00,1.000000000000000000e+00
4.830123552422381505e-02,-6.437900516561757547e-01,3.122033050831667378e-01,4.697424111155349968e-01,5.360848567167117995e-01,5.404629697116543063e-01,0.000000000000000000e+00,1.000000000000000000e+00,0.000000000000000000e+00,0.000000000000000000e+00,0.000000000000000000e+00,1.000000000000000000e+00,0.000000000000000000e+00,0.000000000000000000e+00,1.000000000000000000e+00,1.000000000000000000e+00,0.000000000000000000e+00,1.000000000000000000e+00
-5.892750733955323117e-01,1.532349099615315513e+00,1.153635216617297399e+00,-1.770577742546059152e+00,5.360848567167117995e-01,5.404629697116543063e-01,0.000000000000000000e+00,0.000000000000000000e+00,1.000000000000000000e+00,0.000000000000000000e+00,0.000000000000000000e+00,1.000000000000000000e+00,0.000000000000000000e+00,0.000000000000000000e+00,0.000000000000000000e+00,1.000000000000000000e+00,0.000000000000000000e+00,1.000000000000000000e+00
-8.018005097021176919e-01,-9.975526383830292387e-02,1.750133195069497605e-01,-9.980535516282680319e-01,-8.141634359064574555e-01,5.404629697116543063e-01,0.000000000000000000e+00,0.000000000000000000e+00,1.000000000000000000e+00,0.000000000000000000e+00,0.000000000000000000e+00,1.000000000000000000e+00,0.000000000000000000e+00,0.000000000000000000e+00,0.000000000000000000e+00,1.000000000000000000e+00,0.000000000000000000e+00,0.000000000000000000e+00
-9.080632278554103820e-01,9.051693725271635696e-03,8.609632473880345360e-01,2.379851538401976663e-01,-8.141634359064574555e-01,-9.182866198341532726e-01,0.000000000000000000e+00,0.000000000000000000e+00,1.000000000000000000e+00,0.000000000000000000e+00,0.000000000000000000e+00,1.000000000000000000e+00,0.000000000000000000e+00,0.000000000000000000e+00,0.000000000000000000e+00,0.000000000000000000e+00,0.000000000000000000e+00,0.000000000000000000e+00
3.670893899841018992e-01,-2.003877021200857644e+00,-1.855398467021061260e+00,1.705781116584000667e+00,-1.840475660156452031e-01,5.404629697116543063e-01,0.000000000000000000e+00,0.000000000000000000e+00,1.000000000000000000e+00,0.000000000000000000e+00,0.000000000000000000e+00,0.000000000000000000e+00,1.000000000000000000e+00,0.000000000000000000e+00,0.000000000000000000e+00,1.000000000000000000e+00,0.000000000000000000e+00,0.000000000000000000e+00
6.858775444439799696e-01,7.162969178885063570e-01,7.237732618118175587e-01,1.607327347484185653e-01,1.706300043656791443e+00,1.999212559257461885e+00,0.000000000000000000e+00,0.000000000000000000e+00,1.000000000000000000e+00,0.000000000000000000e+00,1.000000000000000000e+00,1.000000000000000000e+00,0.000000000000000000e+00,0.000000000000000000e+00,1.000000000000000000e+00,1.000000000000000000e+00,0.000000000000000000e+00,1.000000000000000000e+00
8.984029807505653498e-01,1.532349099615315513e+00,-9.022065260706971235e-02,-8.435487134447098301e-01,-8.141634359064574555e-01,-9.182866198341532726e-01,0.000000000000000000e+00,0.000000000000000000e+00,0.000000000000000000e+00,0.000000000000000000e+00,0.000000000000000000e+00,1.000000000000000000e+00,0.000000000000000000e+00,0.000000000000000000e+00,0.000000000000000000e+00,0.000000000000000000e+00,0.000000000000000000e+00,0.000000000000000000e+00
3.670893899841018992e-01,-9.975526383830292387e-02,-6.572725929887665020e-01,-8.821749229905994083e-01,2.660351981920778819e-01,5.404629697116543063e-01,0.000000000000000000e+00,0.000000000000000000e+00,1.000000000000000000e+00,0.000000000000000000e+00,0.000000000000000000e+00,1.000000000000000000e+00,0.000000000000000000e+00,0.000000000000000000e+00,1.000000000000000000e+00,1.000000000000000000e+00,0.000000000000000000e+00,1.000000000000000000e+00
1.545639536775164913e-01,1.722621300706334846e-01,4.311012925825547515e-01,8.946307161203200797e-01,4.460683038751670493e-01,-9.182866198341532726e-01,1.000000000000000000e+00,0.000000000000000000e+00,0.000000000000000000e+00,0.000000000000000000e+00,1.000000000000000000e+00,1.000000000000000000e+00,0.000000000000000000e+00,0.000000000000000000e+00,0.000000000000000000e+00,0.000000000000000000e+00,0.000000000000000000e+00,0.000000000000000000e+00
1.545639536775164913e-01,-9.975526383830292387e-02,1.748125154114237523e+00,4.697424111155349968e-01,-8.141634359064574555e-01,-9.182866198341532726e-01,1.000000000000000000e+00,0.000000000000000000e+00,0.000000000000000000e+00,0.000000000000000000e+00,1.000000000000000000e+00,1.000000000000000000e+00,0.000000000000000000e+00,0.000000000000000000e+00,0.000000000000000000e+00,0.000000000000000000e+00,0.000000000000000000e+00,0.000000000000000000e+00
1.217191135210443420e+00,2.076383887433188580e+00,5.499992800819427652e-01,-9.980535516282680319e-01,9.861676209244346625e-01,5.404629697116543063e-01,0.000000000000000000e+00,0.000000000000000000e+00,1.000000000000000000e+00,0.000000000000000000e+00,0.000000000000000000e+00,1.000000000000000000e+00,0.000000000000000000e+00,0.000000000000000000e+00,0.000000000000000000e+00,1.000000000000000000e+00,1.000000000000000000e+00,1.000000000000000000e+00
4.830123552422381505e-02,-3.717726577472393323e-01,1.933053175837786686e-01,-6.117914561693725828e-01,9.861676209244346625e-01,5.404629697116543063e-01,0.000000000000000000e+00,0.000000000000000000e+00,1.000000000000000000e+00,0.000000000000000000e+00,0.000000000000000000e+00,1.000000000000000000e+00,0.000000000000000000e+00,0.000000000000000000e+00,0.000000000000000000e+00,1.000000000000000000e+00,0.000000000000000000e+00,0.000000000000000000e+00
3.670893899841018992e-01,9.883143117974426684e-01,-3.188706285674313134e-01,1.396771440216884264e+00,6.261014095582564387e-01,-9.182866198341532726e-01,0.000000000000000000e+00,1.000000000000000000e+00,0.000000000000000000e+00,0.000000000000000000e+00,0.000000000000000000e+00,0.000000000000000000e+00,0.000000000000000000e+00,0.000000000000000000e+00,0.000000000000000000e+00,1.000000000000000000e+00,0.000000000000000000e+00,0.000000000000000000e+00
-5.796148262906887505e-02,-6.437900516561757547e-01,6.506052695045019263e-01,-3.027817798022561235e-01,-8.141634359064574555e-01,-9.182866198341532726e-01,0.000000000000000000e+00,1.000000000000000000e+00,0.000000000000000000e+00,0.000000000000000000e+00,0.000000000000000000e+00,1.000000000000000000e+00,0.000000000000000000e+00,0.000000000000000000e+00,0.000000000000000000e+00,0.000000000000000000e+00,0.000000000000000000e+00,0.000000000000000000e+00
4.733521081373945893e-01,-6.437900516561757547e-01,1.254241206039856449e+00,1.319519021125105107e+00,-8.141634359064574555e-01,-9.182866198341532726e-01,0.000000000000000000e+00,1.000000000000000000e+00,0.000000000000000000e+00,0.000000000000000000e+00,0.000000000000000000e+00,0.000000000000000000e+00,0.000000000000000000e+00,0.000000000000000000e+00,0.000000000000000000e+00,0.000000000000000000e+00,0.000000000000000000e+00,0.000000000000000000e+00
-2.704869189356542414e-01,-6.437900516561757547e-01,-1.855398467021061260e+00,-4.186604084399247472e-01,5.360848567167117995e-01,5.404629697116543063e-01,0.000000000000000000e+00,0.000000000000000000e+00,1.000000000000000000e+00,0.000000000000000000e+00,0.000000000000000000e+00,0.000000000000000000e+00,0.000000000000000000e+00,0.000000000000000000e+00,0.000000000000000000e+00,0.000000000000000000e+00,0.000000000000000000e+00,1.000000000000000000e+00
5.796148262906872795e-01,9.883143117974426684e-01,8.355332912280510893e-02,7.401258779367618779e-01,6.261014095582564387e-01,-9.182866198341532726e-01,0.000000000000000000e+00,1.000000000000000000e+00,0.000000000000000000e+00,0.000000000000000000e+00,0.000000000000000000e+00,0.000000000000000000e+00,0.000000000000000000e+00,0.000000000000000000e+00,0.000000000000000000e+00,1.000000000000000000e+00,1.000000000000000000e+00,0.000000000000000000e+00
-1.014325946008703072e+00,-6.437900516561757547e-01,-1.725346439527998821e-01,1.607327347484185653e-01,8.600209250898868674e-02,-9.182866198341532726e-01,1.000000000000000000e+00,0.000000000000000000e+00,0.000000000000000000e+00,0.000000000000000000e+00,0.000000000000000000e+00,1.000000000000000000e+00,0.000000000000000000e+00,0.000000000000000000e+00,0.000000000000000000e+00,1.000000000000000000e+00,0.000000000000000000e+00,0.000000000000000000e+00
1.217191135210443420e+00,1.260331705706379202e+00,6.048752743124296005e-01,3.924899920237558959e-01,-9.403101317410050841e-02,-9.182866198341532726e-01,0.000000000000000000e+00,1.000000000000000000e+00,0.000000000000000000e+00,0.000000000000000000e+00,0.000000000000000000e+00,0.000000000000000000e+00,0.000000000000000000e+00,0.000000000000000000e+00,0.000000000000000000e+00,0.000000000000000000e+00,0.000000000000000000e+00,0.000000000000000000e+00
-1.333114100468581142e+00,-9.975526383830292387e-02,1.038533681548939672e-02,1.319519021125105107e+00,4.460683038751670493e-01,-9.182866198341532726e-01,1.000000000000000000e+00,0.000000000000000000e+00,0.000000000000000000e+00,0.000000000000000000e+00,1.000000000000000000e+00,0.000000000000000000e+00,0.000000000000000000e+00,0.000000000000000000e+00,0.000000000000000000e+00,0.000000000000000000e+00,0.000000000000000000e+00,0.000000000000000000e+00
-1.439376818621873833e+00,-9.975526383830292387e-02,7.146272627734031602e-01,1.126387973395657438e+00,-8.141634359064574555e-01,-9.182866198341532726e-01,0.000000000000000000e+00,1.000000000000000000e+00,0.000000000000000000e+00,0.000000000000000000e+00,0.000000000000000000e+00,1.000000000000000000e+00,0.000000000000000000e+00,0.000000000000000000e+00,0.000000000000000000e+00,1.000000000000000000e+00,0.000000000000000000e+00,0.000000000000000000e+00
-1.014325946008703072e+00,4.442795239795698792e-01,2.939113070063377742e-01,1.628528697492221511e+00,-8.141634359064574555e-01,-9.182866198341532726e-01,0.000000000000000000e+00,1.000000000000000000e+00,0.000000000000000000e+00,0.000000000000000000e+00,1.000000000000000000e+00,0.000000000000000000e+00,0.000000000000000000e+00,0.000000000000000000e+00,0.000000000000000000e+00,1.000000000000000000e+00,0.000000000000000000e+00,0.000000000000000000e+00
4.830123552422381505e-02,-9.975526383830292387e-02,4.585392896977981692e-01,6.628734588449827214e-01,-8.141634359064574555e-01,-9.182866198341532726e-01,1.000000000000000000e+00,0.000000000000000000e+00,0.000000000000000000e+00,1.000000000000000000e+00,0.000000000000000000e+00,1.000000000000000000e+00,0.000000000000000000e+00,0.000000000000000000e+00,0.000000000000000000e+00,0.000000000000000000e+00,0.000000000000000000e+00,0.000000000000000000e+00
-5.796148262906887505e-02,-3.173691789654520812e-01,-1.855398467021061260e+00,-1.229810808903605501e+00,-8.141634359064574555e-01,5.404629697116543063e-01,0.000000000000000000e+00,0.000000000000000000e+00,1.000000000000000000e+00,0.000000000000000000e+00,0.000000000000000000e+00,1.000000000000000000e+00,0.000000000000000000e+00,0.000000000000000000e+00,0.000000000000000000e+00,1.000000000000000000e+00,0.000000000000000000e+00,0.000000000000000000e+00
-1.120588664161995762e+00,-6.437900516561757547e-01,8.060872531575478117e-01,6.628734588449827214e-01,-8.141634359064574555e-01,5.404629697116543063e-01,0.000000000000000000e+00,0.000000000000000000e+00,0.000000000000000000e+00,1.000000000000000000e+00,0.000000000000000000e+00,1.000000000000000000e+00,0.000000000000000000e+00,0.000000000000000000e+00,0.000000000000000000e+00,1.000000000000000000e+00,0.000000000000000000e+00,0.000000000000000000e+00
4.733521081373945893e-01,-1.459842233382985022e+00,3.396413021984100999e-01,6.242472492990932542e-01,-2.740641188571897868e-01,-9.182866198341532726e-01,0.000000000000000000e+00,1.000000000000000000e+00,0.000000000000000000e+00,0.000000000000000000e+00,1.000000000000000000e+00,1.000000000000000000e+00,0.000000000000000000e+00,0.000000000000000000e+00,1.000000000000000000e+00,1.000000000000000000e+00,0.000000000000000000e+00,1.000000000000000000e+00
-3.767496370889469315e-01,-1.187824839474048488e+00,4.676852887362126232e-01,8.173782970285409233e-01,-8.141634359064574555e-01,-9.182866198341532726e-01,0.000000000000000000e+00,0.000000000000000000e+00,1.000000000000000000e+00,0.000000000000000000e+00,1.000000000000000000e+00,0.000000000000000000e+00,0.000000000000000000e+00,0.000000000000000000e+00,0.000000000000000000e+00,0.000000000000000000e+00,0.000000000000000000e+00,0.000000000000000000e+00
-1.333114100468581142e+00,-1.079017881910474097e+00,4.311012925825547515e-01,1.607327347484185653e-01,-8.141634359064574555e-01,-9.182866198341532726e-01,0.000000000000000000e+00,0.000000000000000000e+00,1.000000000000000000e+00,0.000000000000000000e+00,0.000000000000000000e+00,1.000000000000000000e+00,0.000000000000000000e+00,0.000000000000000000e+00,0.000000000000000000e+00,1.000000000000000000e+00,0.000000000000000000e+00,0.000000000000000000e+00
1.004665698903858040e+00,2.076383887433188580e+00,-2.365566372217011437e-01,-2.079587418913175778e+00,1.436250385132157747e+00,5.404629697116543063e-01,0.000000000000000000e+00,0.000000000000000000e+00,1.000000000000000000e+00,0.000000000000000000e+00,0.000000000000000000e+00,0.000000000000000000e+00,1.000000000000000000e+00,0.000000000000000000e+00,0.000000000000000000e+00,1.000000000000000000e+00,0.000000000000000000e+00,1.000000000000000000e+00
7.921402625972726597e-01,-1.187824839474048488e+00,-1.855398467021061260e+00,-1.152558389811826345e+00,9.861676209244346625e-01,5.404629697116543063e-01,0.000000000000000000e+00,0.000000000000000000e+00,1.000000000000000000e+00,0.000000000000000000e+00,0.000000000000000000e+00,0.000000000000000000e+00,1.000000000000000000e+00,0.000000000000000000e+00,0.000000000000000000e+00,1.000000000000000000e+00,0.000000000000000000e+00,1.000000000000000000e+00
1.217191135210443420e+00,1.532349099615315513e+00,1.437161186808145752e+00,5.083686206614245195e-01,-9.403101317410050841e-02,-9.182866198341532726e-01,0.000000000000000000e+00,1.000000000000000000e+00,0.000000000000000000e+00,0.000000000000000000e+00,1.000000000000000000e+00,0.000000000000000000e+00,0.000000000000000000e+00,0.000000000000000000e+00,0.000000000000000000e+00,0.000000000000000000e+00,0.000000000000000000e+00,0.000000000000000000e+00
1.429716571517028800e+00,-1.405438754601197715e+00,1.841593185453642145e-01,1.607327347484185653e-01,-5.441137773818236489e-01,1.999212559257461885e+00,0.000000000000000000e+00,0.000000000000000000e+00,1.000000000000000000e+00,0.000000000000000000e+00,0.000000000000000000e+00,0.000000000000000000e+00,0.000000000000000000e+00,0.000000000000000000e+00,0.000000000000000000e+00,0.000000000000000000e+00,0.000000000000000000e+00,0.000000000000000000e+00
1.217191135210443420e+00,-9.158074455651121770e-01,-1.855398467021061260e+00,-1.731951533000169574e+00,-8.141634359064574555e-01,5.404629697116543063e-01,0.000000000000000000e+00,0.000000000000000000e+00,1.000000000000000000e+00,0.000000000000000000e+00,0.000000000000000000e+00,1.000000000000000000e+00,0.000000000000000000e+00,0.000000000000000000e+00,1.000000000000000000e+00,1.000000000000000000e+00,0.000000000000000000e+00,1.000000000000000000e+00
-5.796148262906887505e-02,-9.975526383830292387e-02,-1.855398467021061260e+00,-1.096507320728083296e-01,8.600209250898868674e-02,5.404629697116543063e-01,0.000000000000000000e+00,0.000000000000000000e+00,1.000000000000000000e+00,0.000000000000000000e+00,1.000000000000000000e+00,1.000000000000000000e+00,0.000000000000000000e+00,0.000000000000000000e+00,1.000000000000000000e+00,1.000000000000000000e+00,0.000000000000000000e+00,1.000000000000000000e+00
2.608266718308092091e-01,-9.158074455651121770e-01,-1.855398467021061260e+00,-2.156839838004954490e+00,-1.714328964321903737e+00,5.404629697116543063e-01,0.000000000000000000e+00,0.000000000000000000e+00,1.000000000000000000e+00,1.000000000000000000e+00,0.000000000000000000e+00,0.000000000000000000e+00,0.000000000000000000e+00,0.000000000000000000e+00,0.000000000000000000e+00,1.000000000000000000e+00,0.000000000000000000e+00,0.000000000000000000e+00
-1.120588664161995762e+00,9.883143117974426684e-01,2.390353127758509943e-01,1.435397649762773842e+00,-8.141634359064574555e-01,-9.182866198341532726e-01,0.000000000000000000e+00,1.000000000000000000e+00,0.000000000000000000e+00,0.000000000000000000e+00,0.000000000000000000e+00,1.000000000000000000e+00,0.000000000000000000e+00,0.000000000000000000e+00,0.000000000000000000e+00,0.000000000000000000e+00,0.000000000000000000e+00,0.000000000000000000e+00
1.535979289670321490e+00,1.722621300706334846e-01,-1.855398467021061260e+00,-6.890438752611516282e-01,-8.141634359064574555e-01,5.404629697116543063e-01,0.000000000000000000e+00,0.000000000000000000e+00,1.000000000000000000e+00,1.000000000000000000e+00,0.000000000000000000e+00,0.000000000000000000e+00,0.000000000000000000e+00,0.000000000000000000e+00,1.000000000000000000e+00,1.000000000000000000e+00,0.000000000000000000e+00,1.000000000000000000e+00
-2.704869189356542414e-01,-9.975526383830292387e-02,9.341312396953502795e-01,1.607327347484185653e-01,2.660351981920778819e-01,-9.182866198341532726e-01,0.000000000000000000e+00,0.000000000000000000e+00,1.000000000000000000e+00,0.000000000000000000e+00,0.000000000000000000e+00,1.000000000000000000e+00,0.000000000000000000e+00,0.000000000000000000e+00,1.000000000000000000e+00,0.000000000000000000e+00,0.000000000000000000e+00,1.000000000000000000e+00
-1.120588664161995762e+00,4.442795239795698792e-01,-1.855398467021061260e+00,8.348031565663945053e-02,-3.640806716987343705e-01,5.404629697116543063e-01,0.000000000000000000e+00,0.000000000000000000e+00,1.000000000000000000e+00,1.000000000000000000e+00,0.000000000000000000e+00,0.000000000000000000e+00,0.000000000000000000e+00,0.000000000000000000e+00,1.000000000000000000e+00,1.000000000000000000e+00,0.000000000000000000e+00,1.000000000000000000e+00
7.921402625972726597e-01,-6.437900516561757547e-01,7.237732618118175587e-01,-1.096507320728083296e-01,2.786498677755326892e+00,5.404629697116543063e-01,0.000000000000000000e+00,0.000000000000000000e+00,1.000000000000000000e+00,1.000000000000000000e+00,0.000000000000000000e+00,0.000000000000000000e+00,1.000000000000000000e+00,1.000000000000000000e+00,0.000000000000000000e+00,1.000000000000000000e+00,0.000000000000000000e+00,1.000000000000000000e+00
-8.018005097021176919e-01,-1.459842233382985022e+00,1.038533681548939672e-02,1.319519021125105107e+00,-8.141634359064574555e-01,-9.182866198341532726e-01,1.000000000000000000e+00,0.000000000000000000e+00,0.000000000000000000e+00,0.000000000000000000e+00,0.000000000000000000e+00,0.000000000000000000e+00,0.000000000000000000e+00,0.000000000000000000e+00,0.000000000000000000e+00,0.000000000000000000e+00,0.000000000000000000e+00,0.000000000000000000e+00
1.217191135210443420e+00,4.442795239795698792e-01,9.432772387337647890e-01,-1.963708790275507043e+00,5.360848567167117995e-01,5.404629697116543063e-01,0.000000000000000000e+00,0.000000000000000000e+00,1.000000000000000000e+00,0.000000000000000000e+00,0.000000000000000000e+00,1.000000000000000000e+00,0.000000000000000000e+00,0.000000000000000000e+00,0.000000000000000000e+00,1.000000000000000000e+00,1.000000000000000000e+00,1.000000000000000000e+00
-1.120588664161995762e+00,9.051693725271635696e-03,4.036632954673113338e-01,1.993589442943081158e-01,-7.241468830649128163e-01,5.404629697116543063e-01,0.000000000000000000e+00,0.000000000000000000e+00,1.000000000000000000e+00,0.000000000000000000e+00,1.000000000000000000e+00,1.000000000000000000e+00,0.000000000000000000e+00,0.000000000000000000e+00,1.000000000000000000e+00,1.000000000000000000e+00,1.000000000000000000e+00,1.000000000000000000e+00
1.004665698903858040e+00,-4.261761365290266390e-01,-5.363665645341185451e-02,-7.102452252691876522e-02,-8.141634359064574555e-01,-9.182866198341532726e-01,0.000000000000000000e+00,0.000000000000000000e+00,1.000000000000000000e+00,0.000000000000000000e+00,0.000000000000000000e+00,1.000000000000000000e+00,0.000000000000000000e+00,0.000000000000000000e+00,0.000000000000000000e+00,0.000000000000000000e+00,0.000000000000000000e+00,1.000000000000000000e+00
1.217191135210443420e+00,2.266656088524207635e-01,4.128092945057258434e-01,8.348031565663945053e-02,2.786498677755326892e+00,5.404629697116543063e-01,0.000000000000000000e+00,0.000000000000000000e+00,1.000000000000000000e+00,0.000000000000000000e+00,0.000000000000000000e+00,0.000000000000000000e+00,1.000000000000000000e+00,0.000000000000000000e+00,0.000000000000000000e+00,1.000000000000000000e+00,0.000000000000000000e+00,1.000000000000000000e+00
-5.892750733955323117e-01,-1.296631797037623102e+00,-3.646006237595036392e-01,1.435397649762773842e+00,9.861676209244346625e-01,-9.182866198341532726e-01,0.000000000000000000e+00,0.000000000000000000e+00,1.000000000000000000e+00,0.000000000000000000e+00,0.000000000000000000e+00,0.000000000000000000e+00,0.000000000000000000e+00,0.000000000000000000e+00,0.000000000000000000e+00,0.000000000000000000e+00,0.000000000000000000e+00,0.000000000000000000e+00
-1.439376818621873833e+00,4.442795239795698792e-01,-3.534465837658292559e-02,1.551276278400442576e+00,4.460683038751670493e-01,-9.182866198341532726e-01,0.000000000000000000e+00,0.000000000000000000e+00,0.000000000000000000e+00,0.000000000000000000e+00,0.000000000000000000e+00,0.000000000000000000e+00,0.000000000000000000e+00,0.000000000000000000e+00,1.000000000000000000e+00,1.000000000000000000e+00,0.000000000000000000e+00,1.000000000000000000e+00
1.429716571517028800e+00,-1.731859627291921333e+00,8.792552454648634441e-01,-4.959128275317038481e-01,-4.014460332555910838e-03,1.999212559257461885e+00,0.000000000000000000e+00,0.000000000000000000e+00,1.000000000000000000e+00,0.000000000000000000e+00,1.000000000000000000e+00,1.000000000000000000e+00,0.000000000000000000e+00,0.000000000000000000e+00,0.000000000000000000e+00,1.000000000000000000e+00,0.000000000000000000e+00,1.000000000000000000e+00
-6.955377915488250018e-01,4.442795239795698792e-01,4.951232858514559854e-01,-1.096507320728083296e-01,8.600209250898868674e-02,-9.182866198341532726e-01,1.000000000000000000e+00,0.000000000000000000e+00,0.000000000000000000e+00,0.000000000000000000e+00,0.000000000000000000e+00,0.000000000000000000e+00,0.000000000000000000e+00,0.000000000000000000e+00,0.000000000000000000e+00,0.000000000000000000e+00,0.000000000000000000e+00,0.000000000000000000e+00
-1.642242007823615790e-01,-6.437900516561757547e-01,7.420652598886465778e-01,-7.662962943529307847e-01,-8.141634359064574555e-01,-9.182866198341532726e-01,1.000000000000000000e+00,0.000000000000000000e+00,0.000000000000000000e+00,0.000000000000000000e+00,0.000000000000000000e+00,1.000000000000000000e+00,0.000000000000000000e+00,0.000000000000000000e+00,0.000000000000000000e+00,1.000000000000000000e+00,0.000000000000000000e+00,0.000000000000000000e+00
1.004665698903858040e+00,9.883143117974426684e-01,-1.855398467021061260e+00,-2.002334999821396622e+00,9.861676209244346625e-01,5.404629697116543063e-01,0.000000000000000000e+00,0.000000000000000000e+00,1.000000000000000000e+00,0.000000000000000000e+00,0.000000000000000000e+00,1.000000000000000000e+00,0.000000000000000000e+00,0.000000000000000000e+00,0.000000000000000000e+00,1.000000000000000000e+00,0.000000000000000000e+00,1.000000000000000000e+00
-6.955377915488250018e-01,1.532349099615315513e+00,-1.855398467021061260e+00,-5.345390370775934263e-01,-8.141634359064574555e-01,5.404629697116543063e-01,0.000000000000000000e+00,0.000000000000000000e+00,1.000000000000000000e+00,0.000000000000000000e+00,0.000000000000000000e+00,1.000000000000000000e+00,0.000000000000000000e+00,0.000000000000000000e+00,1.000000000000000000e+00,1.000000000000000000e+00,0.000000000000000000e+00,1.000000000000000000e+00
1.429716571517028800e+00,-9.158074455651121770e-01,3.302944990644696599e+00,8.560045065744305015e-01,6.261014095582564387e-01,-9.182866198341532726e-01,0.000000000000000000e+00,1.000000000000000000e+00,0.000000000000000000e+00,0.000000000000000000e+00,1.000000000000000000e+00,1.000000000000000000e+00,0.000000000000000000e+00,0.000000000000000000e+00,1.000000000000000000e+00,0.000000000000000000e+00,0.000000000000000000e+00,0.000000000000000000e+00
-6.955377915488250018e-01,-1.187824839474048488e+00,4.219552935441402974e-01,4.697424111155349968e-01,-8.141634359064574555e-01,-9.182866198341532726e-01,0.000000000000000000e+00,0.000000000000000000e+00,0.000000000000000000e+00,0.000000000000000000e+00,0.000000000000000000e+00,1.000000000000000000e+00,0.000000000000000000e+00,0.000000000000000000e+00,0.000000000000000000e+00,1.000000000000000000e+00,0.000000000000000000e+00,0.000000000000000000e+00
1.323453853363736110e+00,9.883143117974426684e-01,2.115973156606076044e-01,-9.208011325364889865e-01,1.526266937973702387e+00,-9.182866198341532726e-01,0.000000000000000000e+00,0.000000000000000000e+00,0.000000000000000000e+00,0.000000000000000000e+00,0.000000000000000000e+00,0.000000000000000000e+00,1.000000000000000000e+00,0.000000000000000000e+00,0.000000000000000000e+00,0.000000000000000000e+00,0.000000000000000000e+00,0.000000000000000000e+00
-1.642242007823615790e-01,1.804366493524252046e+00,-1.855398467021061260e+00,-6.117914561693725828e-01,8.600209250898868674e-02,5.404629697116543063e-01,0.000000000000000000e+00,0.000000000000000000e+00,1.000000000000000000e+00,0.000000000000000000e+00,0.000000000000000000e+00,0.000000000000000000e+00,0.000000000000000000e+00,0.000000000000000000e+00,1.000000000000000000e+00,1.000000000000000000e+00,0.000000000000000000e+00,1.000000000000000000e+00
-8.018005097021176919e-01,-1.187824839474048488e+00,3.030573060447522282e-01,-4.959128275317038481e-01,9.861676209244346625e-01,5.404629697116543063e-01,0.000000000000000000e+00,0.000000000000000000e+00,1.000000000000000000e+00,0.000000000000000000e+00,0.000000000000000000e+00,1.000000000000000000e+00,0.000000000000000000e+00,0.000000000000000000e+00,0.000000000000000000e+00,1.000000000000000000e+00,0.000000000000000000e+00,1.000000000000000000e+00
2.608266718308092091e-01,-6.437900516561757547e-01,3.030573060447522282e-01,1.551276278400442576e+00,-9.403101317410050841e-02,-9.182866198341532726e-01,1.000000000000000000e+00,0.000000000000000000e+00,0.000000000000000000e+00,0.000000000000000000e+00,0.000000000000000000e+00,0.000000000000000000e+00,0.000000000000000000e+00,0.000000000000000000e+00,0.000000000000000000e+00,1.000000000000000000e+00,0.000000000000000000e+00,0.000000000000000000e+00
2.279818316743370321e+00,2.076383887433188580e+00,1.239337777074933124e-03,-1.152558389811826345e+00,-8.141634359064574555e-01,5.404629697116543063e-01,0.000000000000000000e+00,0.000000000000000000e+00,1.000000000000000000e+00,1.000000000000000000e+00,0.000000000000000000e+00,1.000000000000000000e+00,0.000000000000000000e+00,0.000000000000000000e+00,1.000000000000000000e+00,1.000000000000000000e+00,1.000000000000000000e+00,0.000000000000000000e+00
1.748504725976906871e+00,2.076383887433188580e+00,-9.936665164548416640e-02,-3.414079893481456462e-01,1.886333149339880944e+00,5.404629697116543063e-01,0.000000000000000000e+00,0.000000000000000000e+00,1.000000000000000000e+00,1.000000000000000000e+00,0.000000000000000000e+00,0.000000000000000000e+00,1.000000000000000000e+00,0.000000000000000000e+00,0.000000000000000000e+00,1.000000000000000000e+00,0.000000000000000000e+00,1.000000000000000000e+00
1.323453853363736110e+00,-1.187824839474048488e+00,9.269932816121957686e-02,-1.500194275724832327e+00,3.560517510336225766e-01,-9.182866198341532726e-01,0.000000000000000000e+00,1.000000000000000000e+00,0.000000000000000000e+00,0.000000000000000000e+00,1.000000000000000000e+00,1.000000000000000000e+00,0.000000000000000000e+00,0.000000000000000000e+00,0.000000000000000000e+00,1.000000000000000000e+00,1.000000000000000000e+00,1.000000000000000000e+00
-3.767496370889469315e-01,4.442795239795698792e-01,7.786492560423043940e-01,8.348031565663945053e-02,-8.141634359064574555e-01,5.404629697116543063e-01,0.000000000000000000e+00,1.000000000000000000e+00,0.000000000000000000e+00,0.000000000000000000e+00,0.000000000000000000e+00,1.000000000000000000e+00,0.000000000000000000e+00,0.000000000000000000e+00,1.000000000000000000e+00,0.000000000000000000e+00,0.000000000000000000e+00,1.000000000000000000e+00
-1.864427691235044593e+00,-1.079017881910474097e+00,1.254241206039856449e+00,1.783033535675779824e+00,8.600209250898868674e-02,-9.182866198341532726e-01,0.000000000000000000e+00,1.000000000000000000e+00,0.000000000000000000e+00,0.000000000000000000e+00,0.000000000000000000e+00,1.000000000000000000e+00,0.000000000000000000e+00,0.000000000000000000e+00,0.000000000000000000e+00,1.000000000000000000e+00,0.000000000000000000e+00,0.000000000000000000e+00
-5.892750733955323117e-01,-6.437900516561757547e-01,7.420652598886465778e-01,-6.890438752611516282e-01,-8.141634359064574555e-01,-9.182866198341532726e-01,1.000000000000000000e+00,0.000000000000000000e+00,0.000000000000000000e+00,0.000000000000000000e+00,0.000000000000000000e+00,1.000000000000000000e+00,0.000000000000000000e+00,0.000000000000000000e+00,0.000000000000000000e+00,0.000000000000000000e+00,0.000000000000000000e+00,0.000000000000000000e+00
4.733521081373945893e-01,2.266656088524207635e-01,1.062175226233152747e+00,5.469948302073140978e-01,-8.141634359064574555e-01,1.999212559257461885e+00,1.000000000000000000e+00,0.000000000000000000e+00,0.000000000000000000e+00,0.000000000000000000e+00,1.000000000000000000e+00,0.000000000000000000e+00,0.000000000000000000e+00,0.000000000000000000e+00,0.000000000000000000e+00,0.000000000000000000e+00,1.000000000000000000e+00,0.000000000000000000e+00
-2.714529436461386336e+00,-9.975526383830292387e-02,-6.481265939503519924e-01,1.821659745221669402e+00,-8.141634359064574555e-01,-9.182866198341532726e-01,1.000000000000000000e+00,0.000000000000000000e+00,0.000000000000000000e+00,0.000000000000000000e+00,1.000000000000000000e+00,1.000000000000000000e+00,0.000000000000000000e+00,0.000000000000000000e+00,0.000000000000000000e+00,1.000000000000000000e+00,0.000000000000000000e+00,0.000000000000000000e+00
2.608266718308092091e-01,9.883143117974426684e-01,9.269932816121957686e-02,-4.959128275317038481e-01,8.600209250898868674e-02,5.404629697116543063e-01,0.000000000000000000e+00,0.000000000000000000e+00,1.000000000000000000e+00,0.000000000000000000e+00,0.000000000000000000e+00,1.000000000000000000e+00,0.000000000000000000e+00,0.000000000000000000e+00,0.000000000000000000e+00,1.000000000000000000e+00,1.000000000000000000e+00,1.000000000000000000e+00
1.429716571517028800e+00,-6.437900516561757547e-01,3.122033050831667378e-01,-2.581728143009739629e+00,8.600209250898868674e-02,-9.182866198341532726e-01,0.000000000000000000e+00,0.000000000000000000e+00,1.000000000000000000e+00,0.000000000000000000e+00,0.000000000000000000e+00,1.000000000000000000e+00,0.000000000000000000e+00,0.000000000000000000e+00,0.000000000000000000e+00,1.000000000000000000e+00,0.000000000000000000e+00,0.000000000000000000e+00
-2.704869189356542414e-01,4.442795239795698792e-01,5.317072820051138571e-01,1.860285954767558980e+00,-8.141634359064574555e-01,-9.182866198341532726e-01,0.000000000000000000e+00,0.000000000000000000e+00,1.000000000000000000e+00,0.000000000000000000e+00,1.000000000000000000e+00,0.000000000000000000e+00,0.000000000000000000e+00,0.000000000000000000e+00,0.000000000000000000e+00,1.000000000000000000e+00,0.000000000000000000e+00,1.000000000000000000e+00
5.796148262906872795e-01,4.442795239795698792e-01,-2.365566372217011437e-01,9.332569256662096580e-01,-8.141634359064574555e-01,5.404629697116543063e-01,0.000000000000000000e+00,0.000000000000000000e+00,1.000000000000000000e+00,0.000000000000000000e+00,0.000000000000000000e+00,0.000000000000000000e+00,0.000000000000000000e+00,0.000000000000000000e+00,1.000000000000000000e+00,1.000000000000000000e+00,0.000000000000000000e+00,1.000000000000000000e+00
1.545639536775164913e-01,-6.437900516561757547e-01,4.859772868130415313e-01,-3.239831298102921475e-02,-8.141634359064574555e-01,-9.182866198341532726e-01,1.000000000000000000e+00,0.000000000000000000e+00,0.000000000000000000e+00,0.000000000000000000e+00,0.000000000000000000e+00,1.000000000000000000e+00,0.000000000000000000e+00,0.000000000000000000e+00,1.000000000000000000e+00,1.000000000000000000e+00,1.000000000000000000e+00,0.000000000000000000e+00
-3.767496370889469315e-01,4.442795239795698792e-01,1.263387205078271069e+00,-4.959128275317038481e-01,1.436250385132157747e+00,5.404629697116543063e-01,0.000000000000000000e+00,0.000000000000000000e+00,1.000000000000000000e+00,1.000000000000000000e+00,0.000000000000000000e+00,1.000000000000000000e+00,0.000000000000000000e+00,0.000000000000000000e+00,0.000000000000000000e+00,1.000000000000000000e+00,0.000000000000000000e+00,1.000000000000000000e+00
-3.767496370889469315e-01,4.442795239795698792e-01,2.756193089295088661e-01,9.718831352120992362e-01,-2.740641188571897868e-01,5.404629697116543063e-01,0.000000000000000000e+00,1.000000000000000000e+00,0.000000000000000000e+00,0.000000000000000000e+00,0.000000000000000000e+00,1.000000000000000000e+00,0.000000000000000000e+00,0.000000000000000000e+00,1.000000000000000000e+00,1.000000000000000000e+00,0.000000000000000000e+00,0.000000000000000000e+00
2.608266718308092091e-01,1.260331705706379202e+00,1.272533204116685468e+00,4.697424111155349968e-01,1.886333149339880944e+00,5.404629697116543063e-01,0.000000000000000000e+00,0.000000000000000000e+00,1.000000000000000000e+00,0.000000000000000000e+00,0.000000000000000000e+00,1.000000000000000000e+00,0.000000000000000000e+00,0.000000000000000000e+00,0.000000000000000000e+00,1.000000000000000000e+00,1.000000000000000000e+00,1.000000000000000000e+00
-1.758164973081751903e+00,-6.437900516561757547e-01,1.109913262380484988e-01,1.242266602033326173e+00,-8.141634359064574555e-01,-9.182866198341532726e-01,0.000000000000000000e+00,1.000000000000000000e+00,0.000000000000000000e+00,0.000000000000000000e+00,0.000000000000000000e+00,0.000000000000000000e+00,0.000000000000000000e+00,0.000000000000000000e+00,0.000000000000000000e+00,0.000000000000000000e+00,0.000000000000000000e+00,0.000000000000000000e+00
2.608266718308092091e-01,-3.717726577472393323e-01,-1.855398467021061260e+00,-1.345689437541274014e+00,8.600209250898868674e-02,5.404629697116543063e-01,0.000000000000000000e+00,0.000000000000000000e+00,1.000000000000000000e+00,0.000000000000000000e+00,0.000000000000000000e+00,1.000000000000000000e+00,0.000000000000000000e+00,0.000000000000000000e+00,1.000000000000000000e+00,1.000000000000000000e+00,1.000000000000000000e+00,1.000000000000000000e+00
5.796148262906872795e-01,1.205928226924591895e+00,-1.855398467021061260e+00,-2.641555702563665453e-01,5.360848567167117995e-01,-9.182866198341532726e-01,0.000000000000000000e+00,0.000000000000000000e+00,1.000000000000000000e+00,1.000000000000000000e+00,0.000000000000000000e+00,1.000000000000000000e+00,0.000000000000000000e+00,0.000000000000000000e+00,0.000000000000000000e+00,1.000000000000000000e+00,0.000000000000000000e+00,1.000000000000000000e+00
4.830123552422381505e-02,-6.437900516561757547e-01,-2.914326314521878958e-01,-3.239831298102921475e-02,9.861676209244346625e-01,-9.182866198341532726e-01,0.000000000000000000e+00,0.000000000000000000e+00,0.000000000000000000e+00,0.000000000000000000e+00,0.000000000000000000e+00,0.000000000000000000e+00,0.000000000000000000e+00,0.000000000000000000e+00,0.000000000000000000e+00,1.000000000000000000e+00,0.000000000000000000e+00,0.000000000000000000e+00
-5.892750733955323117e-01,-6.437900516561757547e-01,-7.192865453024077649e-02,-4.959128275317038481e-01,-8.141634359064574555e-01,-9.182866198341532726e-01,0.000000000000000000e+00,1.000000000000000000e+00,0.000000000000000000e+00,0.000000000000000000e+00,0.000000000000000000e+00,1.000000000000000000e+00,0.000000000000000000e+00,0.000000000000000000e+00,0.000000000000000000e+00,0.000000000000000000e+00,0.000000000000000000e+00,0.000000000000000000e+00
-8.018005097021176919e-01,4.442795239795698792e-01,6.597512685429163248e-01,1.049135554303878282e+00,-8.141634359064574555e-01,-9.182866198341532726e-01,1.000000000000000000e+00,0.000000000000000000e+00,0.000000000000000000e+00,0.000000000000000000e+00,0.000000000000000000e+00,1.000000000000000000e+00,0.000000000000000000e+00,0.000000000000000000e+00,0.000000000000000000e+00,1.000000000000000000e+00,0.000000000000000000e+00,1.000000000000000000e+00
-1.758164973081751903e+00,-7.525970092197503680e-01,3.396413021984100999e-01,1.049135554303878282e+00,8.600209250898868674e-02,-9.182866198341532726e-01,0.000000000000000000e+00,1.000000000000000000e+00,0.000000000000000000e+00,0.000000000000000000e+00,1.000000000000000000e+00,1.000000000000000000e+00,0.000000000000000000e+00,0.000000000000000000e+00,0.000000000000000000e+00,1.000000000000000000e+00,0.000000000000000000e+00,0.000000000000000000e+00
-5.796148262906887505e-02,2.620418675251061202e+00,7.512112589270609764e-01,-6.890438752611516282e-01,5.360848567167117995e-01,5.404629697116543063e-01,0.000000000000000000e+00,0.000000000000000000e+00,1.000000000000000000e+00,1.000000000000000000e+00,0.000000000000000000e+00,1.000000000000000000e+00,0.000000000000000000e+00,0.000000000000000000e+00,0.000000000000000000e+00,1.000000000000000000e+00,0.000000000000000000e+00,1.000000000000000000e+00
-6.955377915488250018e-01,4.442795239795698792e-01,6.688972675813308344e-01,-4.959128275317038481e-01,-8.141634359064574555e-01,-9.182866198341532726e-01,0.000000000000000000e+00,0.000000000000000000e+00,1.000000000000000000e+00,0.000000000000000000e+00,0.000000000000000000e+00,1.000000000000000000e+00,0.000000000000000000e+00,0.000000000000000000e+00,0.000000000000000000e+00,1.000000000000000000e+00,1.000000000000000000e+00,1.000000000000000000e+00
-5.796148262906887505e-02,-9.975526383830292387e-02,-1.908266420296288179e-01,3.924899920237558959e-01,-8.141634359064574555e-01,-9.182866198341532726e-01,0.000000000000000000e+00,0.000000000000000000e+00,1.000000000000000000e+00,0.000000000000000000e+00,0.000000000000000000e+00,1.000000000000000000e+00,0.000000000000000000e+00,0.000000000000000000e+00,0.000000000000000000e+00,1.000000000000000000e+00,0.000000000000000000e+00,0.000000000000000000e+00
-1.651902254928459213e+00,1.722621300706334846e-01,-1.855398467021061260e+00,4.697424111155349968e-01,-8.141634359064574555e-01,5.404629697116543063e-01,0.000000000000000000e+00,0.000000000000000000e+00,1.000000000000000000e+00,0.000000000000000000e+00,0.000000000000000000e+00,1.000000000000000000e+00,0.000000000000000000e+00,0.000000000000000000e+00,0.000000000000000000e+00,1.000000000000000000e+00,0.000000000000000000e+00,0.000000000000000000e+00
-1.333114100468581142e+00,1.722621300706334846e-01,1.239337777074933124e-03,-2.255293607104769948e-01,-8.141634359064574555e-01,-9.182866198341532726e-01,1.000000000000000000e+00,0.000000000000000000e+00,0.000000000000000000e+00,0.000000000000000000e+00,0.000000000000000000e+00,1.000000000000000000e+00,0.000000000000000000e+00,1.000000000000000000e+00,0.000000000000000000e+00,1.000000000000000000e+00,0.000000000000000000e+00,0.000000000000000000e+00
4.830123552422381505e-02,3.354725664159953213e-01,6.506052695045019263e-01,-1.268437018449494857e+00,5.360848567167117995e-01,5.404629697116543063e-01,0.000000000000000000e+00,0.000000000000000000e+00,1.000000000000000000e+00,0.000000000000000000e+00,0.000000000000000000e+00,1.000000000000000000e+00,0.000000000000000000e+00,0.000000000000000000e+00,0.000000000000000000e+00,0.000000000000000000e+00,0.000000000000000000e+00,1.000000000000000000e+00
4.733521081373945893e-01,-1.079017881910474097e+00,2.481813118142654762e-01,1.049135554303878282e+00,1.436250385132157747e+00,5.404629697116543063e-01,0.000000000000000000e+00,1.000000000000000000e+00,0.000000000000000000e+00,0.000000000000000000e+00,1.000000000000000000e+00,1.000000000000000000e+00,0.000000000000000000e+00,0.000000000000000000e+00,1.000000000000000000e+00,1.000000000000000000e+00,0.000000000000000000e+00,0.000000000000000000e+00
4.733521081373945893e-01,2.076383887433188580e+00,-1.855398467021061260e+00,-1.268437018449494857e+00,-8.141634359064574555e-01,5.404629697116543063e-01,0.000000000000000000e+00,0.000000000000000000e+00,1.000000000000000000e+00,1.000000000000000000e+00,0.000000000000000000e+00,1.000000000000000000e+00,0.000000000000000000e+00,0.000000000000000000e+00,0.000000000000000000e+00,1.000000000000000000e+00,0.000000000000000000e+00,1.000000000000000000e+00
-1.545639536775166523e+00,1.532349099615315513e+00,-5.109366083741350151e-01,8.560045065744305015e-01,-8.141634359064574555e-01,-9.182866198341532726e-01,0.000000000000000000e+00,1.000000000000000000e+00,0.000000000000000000e+00,0.000000000000000000e+00,0.000000000000000000e+00,1.000000000000000000e+00,0.000000000000000000e+00,0.000000000000000000e+00,0.000000000000000000e+00,1.000000000000000000e+00,1.000000000000000000e+00,0.000000000000000000e+00
-6.955377915488250018e-01,1.260331705706379202e+00,-1.855398467021061260e+00,-7.662962943529307847e-01,8.600209250898868674e-02,5.404629697116543063e-01,0.000000000000000000e+00,1.000000000000000000e+00,0.000000000000000000e+00,0.000000000000000000e+00,0.000000000000000000e+00,1.000000000000000000e+00,0.000000000000000000e+00,0.000000000000000000e+00,0.000000000000000000e+00,1.000000000000000000e+00,0.000000000000000000e+00,1.000000000000000000e+00
4.830123552422381505e-02,-6.437900516561757547e-01,-1.359506477991420381e-01,-9.594273420823785647e-01,4.460683038751670493e-01,5.404629697116543063e-01,0.000000000000000000e+00,0.000000000000000000e+00,1.000000000000000000e+00,0.000000000000000000e+00,0.000000000000000000e+00,1.000000000000000000e+00,0.000000000000000000e+00,0.000000000000000000e+00,1.000000000000000000e+00,1.000000000000000000e+00,0.000000000000000000e+00,0.000000000000000000e+00
-5.892750733955323117e-01,4.442795239795698792e-01,1.475753223917063706e-01,8.173782970285409233e-01,5.360848567167117995e-01,5.404629697116543063e-01,0.000000000000000000e+00,0.000000000000000000e+00,1.000000000000000000e+00,0.000000000000000000e+00,0.000000000000000000e+00,0.000000000000000000e+00,0.000000000000000000e+00,0.000000000000000000e+00,0.000000000000000000e+00,1.000000000000000000e+00,0.000000000000000000e+00,1.000000000000000000e+00
-1.545639536775166523e+00,-1.187824839474048488e+00,6.414592704660874167e-01,-2.255293607104769948e-01,-8.141634359064574555e-01,-9.182866198341532726e-01,0.000000000000000000e+00,0.000000000000000000e+00,1.000000000000000000e+00,0.000000000000000000e+00,0.000000000000000000e+00,1.000000000000000000e+00,0.000000000000000000e+00,0.000000000000000000e+00,0.000000000000000000e+00,1.000000000000000000e+00,0.000000000000000000e+00,0.000000000000000000e+00
4.830123552422381505e-02,-3.717726577472393323e-01,6.414592704660874167e-01,5.469948302073140978e-01,-3.640806716987343705e-01,5.404629697116543063e-01,0.000000000000000000e+00,1.000000000000000000e+00,0.000000000000000000e+00,0.000000000000000000e+00,1.000000000000000000e+00,0.000000000000000000e+00,1.000000000000000000e+00,0.000000000000000000e+00,0.000000000000000000e+00,1.000000000000000000e+00,0.000000000000000000e+00,0.000000000000000000e+00
-5.796148262906887505e-02,4.442795239795698792e-01,1.071321225271567146e+00,9.332569256662096580e-01,-8.141634359064574555e-01,-9.182866198341532726e-01,1.000000000000000000e+00,0.000000000000000000e+00,0.000000000000000000e+00,0.000000000000000000e+00,0.000000000000000000e+00,1.000000000000000000e+00,0.000000000000000000e+00,0.000000000000000000e+00,0.000000000000000000e+00,1.000000000000000000e+00,0.000000000000000000e+00,0.000000000000000000e+00
-1.226851382315288452e+00,-6.437900516561757547e-01,5.611533200756171902e-02,1.358145230670994685e+00,-8.141634359064574555e-01,-9.182866198341532726e-01,0.000000000000000000e+00,1.000000000000000000e+00,0.000000000000000000e+00,0.000000000000000000e+00,0.000000000000000000e+00,1.000000000000000000e+00,0.000000000000000000e+00,0.000000000000000000e+00,0.000000000000000000e+00,0.000000000000000000e+00,0.000000000000000000e+00,0.000000000000000000e+00
3.670893899841018992e-01,4.442795239795698792e-01,-1.855398467021061260e+00,-6.890438752611516282e-01,9.861676209244346625e-01,5.404629697116543063e-01,0.000000000000000000e+00,0.000000000000000000e+00,1.000000000000000000e+00,0.000000000000000000e+00,0.000000000000000000e+00,1.000000000000000000e+00,0.000000000000000000e+00,1.000000000000000000e+00,0.000000000000000000e+00,1.000000000000000000e+00,0.000000000000000000e+00,1.000000000000000000e+00
1.323453853363736110e+00,-6.437900516561757547e-01,9.066932425801068618e-01,5.083686206614245195e-01,-4.540972245402789542e-01,-9.182866198341532726e-01,0.000000000000000000e+00,0.000000000000000000e+00,1.000000000000000000e+00,0.000000000000000000e+00,1.000000000000000000e+00,1.000000000000000000e+00,0.000000000000000000e+00,0.000000000000000000e+00,0.000000000000000000e+00,1.000000000000000000e+00,0.000000000000000000e+00,0.000000000000000000e+00
-5.892750733955323117e-01,-4.261761365290266390e-01,6.506052695045019263e-01,1.087761763849767860e+00,-3.640806716987343705e-01,-9.182866198341532726e-01,0.000000000000000000e+00,0.000000000000000000e+00,1.000000000000000000e+00,0.000000000000000000e+00,1.000000000000000000e+00,1.000000000000000000e+00,0.000000000000000000e+00,0.000000000000000000e+00,1.000000000000000000e+00,1.000000000000000000e+00,0.000000000000000000e+00,0.000000000000000000e+00
4.733521081373945893e-01,-2.085622214018774956e-01,1.201373252764629668e-01,-2.641555702563665453e-01,1.166200726607524052e+00,3.457962148803269908e+00,0.000000000000000000e+00,0.000000000000000000e+00,1.000000000000000000e+00,0.000000000000000000e+00,1.000000000000000000e+00,1.000000000000000000e+00,0.000000000000000000e+00,0.000000000000000000e+00,1.000000000000000000e+00,1.000000000000000000e+00,0.000000000000000000e+00,1.000000000000000000e+00
2.608266718308092091e-01,-4.261761365290266390e-01,1.933053175837786686e-01,8.946307161203200797e-01,9.861676209244346625e-01,-9.182866198341532726e-01,1.000000000000000000e+00,0.000000000000000000e+00,0.000000000000000000e+00,0.000000000000000000e+00,0.000000000000000000e+00,1.000000000000000000e+00,0.000000000000000000e+00,0.000000000000000000e+00,0.000000000000000000e+00,1.000000000000000000e+00,1.000000000000000000e+00,0.000000000000000000e+00
-1.333114100468581142e+00,-9.975526383830292387e-02,1.018453271996340448e-01,1.165014182941547016e+00,9.861676209244346625e-01,-9.182866198341532726e-01,0.000000000000000000e+00,1.000000000000000000e+00,0.000000000000000000e+00,0.000000000000000000e+00,1.000000000000000000e+00,1.000000000000000000e+00,0.000000000000000000e+00,0.000000000000000000e+00,0.000000000000000000e+00,1.000000000000000000e+00,0.000000000000000000e+00,0.000000000000000000e+00
-1.642242007823615790e-01,3.354725664159953213e-01,1.841593185453642145e-01,1.203640392487436594e+00,-8.141634359064574555e-01,-9.182866198341532726e-01,0.000000000000000000e+00,1.000000000000000000e+00,0.000000000000000000e+00,0.000000000000000000e+00,0.000000000000000000e+00,0.000000000000000000e+00,0.000000000000000000e+00,0.000000000000000000e+00,0.000000000000000000e+00,1.000000000000000000e+00,0.000000000000000000e+00,0.000000000000000000e+00
2.608266718308092091e-01,-6.437900516561757547e-01,-1.855398467021061260e+00,-1.461568066178942749e+00,-1.714328964321903737e+00,5.404629697116543063e-01,0.000000000000000000e+00,0.000000000000000000e+00,1.000000000000000000e+00,1.000000000000000000e+00,0.000000000000000000e+00,0.000000000000000000e+00,1.000000000000000000e+00,0.000000000000000000e+00,1.000000000000000000e+00,1.000000000000000000e+00,0.000000000000000000e+00,1.000000000000000000e+00
4.830123552422381505e-02,9.883143117974426684e-01,2.481813118142654762e-01,-3.027817798022561235e-01,-8.141634359064574555e-01,-9.182866198341532726e-01,1.000000000000000000e+00,0.000000000000000000e+00,0.000000000000000000e+00,0.000000000000000000e+00,0.000000000000000000e+00,1.000000000000000000e+00,0.000000000000000000e+00,0.000000000000000000e+00,0.000000000000000000e+00,0.000000000000000000e+00,0.000000000000000000e+00,0.000000000000000000e+00
-2.704869189356542414e-01,-2.003877021200857644e+00,-1.855398467021061260e+00,-4.572866179858143254e-01,1.166200726607524052e+00,5.404629697116543063e-01,0.000000000000000000e+00,0.000000000000000000e+00,1.000000000000000000e+00,0.000000000000000000e+00,0.000000000000000000e+00,1.000000000000000000e+00,0.000000000000000000e+00,0.000000000000000000e+00,0.000000000000000000e+00,1.000000000000000000e+00,0.000000000000000000e+00,0.000000000000000000e+00
4.733521081373945893e-01,-9.975526383830292387e-02,5.499992800819427652e-01,8.348031565663945053e-02,9.861676209244346625e-01,5.404629697116543063e-01,0.000000000000000000e+00,0.000000000000000000e+00,1.000000000000000000e+00,0.000000000000000000e+00,0.000000000000000000e+00,1.000000000000000000e+00,0.000000000000000000e+00,0.000000000000000000e+00,0.000000000000000000e+00,1.000000000000000000e+00,0.000000000000000000e+00,1.000000000000000000e+00
-2.183215845694922663e+00,-1.731859627291921333e+00,3.945172964288968798e-01,4.697424111155349968e-01,8.600209250898868674e-02,5.404629697116543063e-01,0.000000000000000000e+00,0.000000000000000000e+00,1.000000000000000000e+00,0.000000000000000000e+00,0.000000000000000000e+00,1.000000000000000000e+00,0.000000000000000000e+00,0.000000000000000000e+00,0.000000000000000000e+00,0.000000000000000000e+00,0.000000000000000000e+00,1.000000000000000000e+00
2.173555598590077409e+00,4.442795239795698792e-01,3.122033050831667378e-01,-1.693325323454279996e+00,-8.141634359064574555e-01,5.404629697116543063e-01,0.000000000000000000e+00,1.000000000000000000e+00,0.000000000000000000e+00,0.000000000000000000e+00,0.000000000000000000e+00,1.000000000000000000e+00,0.000000000000000000e+00,0.000000000000000000e+00,0.000000000000000000e+00,1.000000000000000000e+00,1.000000000000000000e+00,0.000000000000000000e+00
1.323453853363736110e+00,-1.079017881910474097e+00,5.317072820051138571e-01,8.348031565663945053e-02,5.360848567167117995e-01,5.404629697116543063e-01,0.000000000000000000e+00,0.000000000000000000e+00,1.000000000000000000e+00,0.000000000000000000e+00,0.000000000000000000e+00,0.000000000000000000e+00,0.000000000000000000e+00,0.000000000000000000e+00,0.000000000000000000e+00,1.000000000000000000e+00,0.000000000000000000e+00,0.000000000000000000e+00
-3.767496370889469315e-01,-1.541587426200902167e-01,-6.278265549182632244e-02,9.718831352120992362e-01,-8.141634359064574555e-01,-9.182866198341532726e-01,0.000000000000000000e+00,1.000000000000000000e+00,0.000000000000000000e+00,0.000000000000000000e+00,0.000000000000000000e+00,0.000000000000000000e+00,0.000000000000000000e+00,0.000000000000000000e+00,0.000000000000000000e+00,1.000000000000000000e+00,0.000000000000000000e+00,0.000000000000000000e+00
1.110928417057150730e+00,4.442795239795698792e-01,1.007299232002665912e+00,-1.869031511645874444e-01,-6.341303302233681771e-01,-9.182866198341532726e-01,0.000000000000000000e+00,1.000000000000000000e+00,0.000000000000000000e+00,0.000000000000000000e+00,0.000000000000000000e+00,0.000000000000000000e+00,0.000000000000000000e+00,0.000000000000000000e+00,1.000000000000000000e+00,0.000000000000000000e+00,0.000000000000000000e+00,0.000000000000000000e+00
4.830123552422381505e-02,-9.975526383830292387e-02,-1.855398467021061260e+00,-1.075305970720047188e+00,1.886333149339880944e+00,5.404629697116543063e-01,0.000000000000000000e+00,0.000000000000000000e+00,1.000000000000000000e+00,0.000000000000000000e+00,0.000000000000000000e+00,1.000000000000000000e+00,0.000000000000000000e+00,0.000000000000000000e+00,1.000000000000000000e+00,1.000000000000000000e+00,0.000000000000000000e+00,1.000000000000000000e+00
-1.642242007823615790e-01,-6.437900516561757547e-01,6.526133104597618695e-02,3.924899920237558959e-01,-8.141634359064574555e-01,-9.182866198341532726e-01,1.000000000000000000e+00,0.000000000000000000e+00,0.000000000000000000e+00,0.000000000000000000e+00,0.000000000000000000e+00,1.000000000000000000e+00,0.000000000000000000e+00,0.000000000000000000e+00,0.000000000000000000e+00,0.000000000000000000e+00,0.000000000000000000e+00,0.000000000000000000e+00
-1.014325946008703072e+00,-6.437900516561757547e-01,1.384293233532918888e-01,-8.821749229905994083e-01,-8.141634359064574555e-01,-9.182866198341532726e-01,0.000000000000000000e+00,0.000000000000000000e+00,1.000000000000000000e+00,1.000000000000000000e+00,0.000000000000000000e+00,1.000000000000000000e+00,0.000000000000000000e+00,0.000000000000000000e+00,0.000000000000000000e+00,0.000000000000000000e+00,0.000000000000000000e+00,0.000000000000000000e+00
5.796148262906872795e-01,-3.717726577472393323e-01,1.750133195069497605e-01,-1.096507320728083296e-01,1.436250385132157747e+00,5.404629697116543063e-01,0.000000000000000000e+00,0.000000000000000000e+00,1.000000000000000000e+00,0.000000000000000000e+00,0.000000000000000000e+00,0.000000000000000000e+00,1.000000000000000000e+00,0.000000000000000000e+00,0.000000000000000000e+00,1.000000000000000000e+00,0.000000000000000000e+00,1.000000000000000000e+00
2.173555598590077409e+00,7.162969178885063570e-01,-1.855398467021061260e+00,-5.731652466234830046e-01,3.560517510336225766e-01,5.404629697116543063e-01,1.000000000000000000e+00,0.000000000000000000e+00,0.000000000000000000e+00,1.000000000000000000e+00,0.000000000000000000e+00,0.000000000000000000e+00,0.000000000000000000e+00,0.000000000000000000e+00,0.000000000000000000e+00,1.000000000000000000e+00,0.000000000000000000e+00,0.000000000000000000e+00
-1.120588664161995762e+00,-5.349830940926011413e-01,-1.855398467021061260e+00,-6.890438752611516282e-01,-3.640806716987343705e-01,5.404629697116543063e-01,0.000000000000000000e+00,0.000000000000000000e+00,1.000000000000000000e+00,0.000000000000000000e+00,0.000000000000000000e+00,0.000000000000000000e+00,0.000000000000000000e+00,0.000000000000000000e+00,0.000000000000000000e+00,1.000000000000000000e+00,0.000000000000000000e+00,0.000000000000000000e+00
1.323453853363736110e+00,4.442795239795698792e-01,1.475753223917063706e-01,-1.693325323454279996e+00,8.600209250898868674e-02,5.404629697116543063e-01,0.000000000000000000e+00,0.000000000000000000e+00,1.000000000000000000e+00,0.000000000000000000e+00,0.000000000000000000e+00,1.000000000000000000e+00,0.000000000000000000e+00,0.000000000000000000e+00,0.000000000000000000e+00,1.000000000000000000e+00,0.000000000000000000e+00,1.000000000000000000e+00
8.984029807505653498e-01,-6.437900516561757547e-01,5.865832762356006924e-01,-1.500194275724832327e+00,8.061345152413456061e-01,1.999212559257461885e+00,0.000000000000000000e+00,0.000000000000000000e+00,1.000000000000000000e+00,0.000000000000000000e+00,0.000000000000000000e+00,1.000000000000000000e+00,0.000000000000000000e+00,0.000000000000000000e+00,1.000000000000000000e+00,1.000000000000000000e+00,0.000000000000000000e+00,1.000000000000000000e+00
2.608266718308092091e-01,-9.975526383830292387e-02,4.859772868130415313e-01,1.607327347484185653e-01,-2.740641188571897868e-01,5.404629697116543063e-01,0.000000000000000000e+00,1.000000000000000000e+00,0.000000000000000000e+00,0.000000000000000000e+00,1.000000000000000000e+00,1.000000000000000000e+00,0.000000000000000000e+00,1.000000000000000000e+00,0.000000000000000000e+00,1.000000000000000000e+00,1.000000000000000000e+00,1.000000000000000000e+00
-3.767496370889469315e-01,-6.437900516561757547e-01,1.144489217578883000e+00,-1.075305970720047188e+00,8.600209250898868674e-02,-9.182866198341532726e-01,0.000000000000000000e+00,0.000000000000000000e+00,1.000000000000000000e+00,0.000000000000000000e+00,0.000000000000000000e+00,1.000000000000000000e+00,0.000000000000000000e+00,0.000000000000000000e+00,0.000000000000000000e+00,0.000000000000000000e+00,0.000000000000000000e+00,1.000000000000000000e+00
-1.226851382315288452e+00,4.442795239795698792e-01,1.418869188731316955e+00,1.242266602033326173e+00,-8.141634359064574555e-01,-9.182866198341532726e-01,0.000000000000000000e+00,0.000000000000000000e+00,1.000000000000000000e+00,0.000000000000000000e+00,0.000000000000000000e+00,1.000000000000000000e+00,0.000000000000000000e+00,0.000000000000000000e+00,0.000000000000000000e+00,1.000000000000000000e+00,0.000000000000000000e+00,0.000000000000000000e+00
-1.545639536775166523e+00,-6.437900516561757547e-01,1.038533681548939672e-02,2.766113633860872167e-01,-8.141634359064574555e-01,-9.182866198341532726e-01,1.000000000000000000e+00,0.000000000000000000e+00,0.000000000000000000e+00,0.000000000000000000e+00,0.000000000000000000e+00,1.000000000000000000e+00,0.000000000000000000e+00,0.000000000000000000e+00,0.000000000000000000e+00,1.000000000000000000e+00,0.000000000000000000e+00,0.000000000000000000e+00
1.110928417057150730e+00,7.162969178885063570e-01,8.355332912280510893e-02,-2.255293607104769948e-01,9.861676209244346625e-01,1.999212559257461885e+00,0.000000000000000000e+00,0.000000000000000000e+00,1.000000000000000000e+00,0.000000000000000000e+00,1.000000000000000000e+00,1.000000000000000000e+00,0.000000000000000000e+00,1.000000000000000000e+00,0.000000000000000000e+00,1.000000000000000000e+00,0.000000000000000000e+00,0.000000000000000000e+00
4.830123552422381505e-02,9.051693725271635696e-03,7.786492560423043940e-01,8.173782970285409233e-01,-8.141634359064574555e-01,5.404629697116543063e-01,1.000000000000000000e+00,0.000000000000000000e+00,0.000000000000000000e+00,0.000000000000000000e+00,1.000000000000000000e+00,0.000000000000000000e+00,0.000000000000000000e+00,0.000000000000000000e+00,0.000000000000000000e+00,0.000000000000000000e+00,1.000000000000000000e+00,1.000000000000000000e+00
-1.120588664161995762e+00,-6.437900516561757547e-01,-1.705266029975399666e-02,1.049135554303878282e+00,-8.141634359064574555e-01,-9.182866198341532726e-01,1.000000000000000000e+00,0.000000000000000000e+00,0.000000000000000000e+00,0.000000000000000000e+00,0.000000000000000000e+00,1.000000000000000000e+00,0.000000000000000000e+00,0.000000000000000000e+00,0.000000000000000000e+00,0.000000000000000000e+00,0.000000000000000000e+00,0.000000000000000000e+00
5.796148262906872795e-01,2.511611717687486589e+00,-1.855398467021061260e+00,-6.890438752611516282e-01,-8.141634359064574555e-01,5.404629697116543063e-01,0.000000000000000000e+00,0.000000000000000000e+00,1.000000000000000000e+00,0.000000000000000000e+00,1.000000000000000000e+00,1.000000000000000000e+00,0.000000000000000000e+00,0.000000000000000000e+00,1.000000000000000000e+00,1.000000000000000000e+00,1.000000000000000000e+00,1.000000000000000000e+00
-1.970690409388337283e+00,-5.349830940926011413e-01,-9.936665164548416640e-02,1.396771440216884264e+00,-8.141634359064574555e-01,-9.182866198341532726e-01,1.000000000000000000e+00,0.000000000000000000e+00,0.000000000000000000e+00,0.000000000000000000e+00,0.000000000000000000e+00,0.000000000000000000e+00,0.000000000000000000e+00,0.000000000000000000e+00,0.000000000000000000e+00,1.000000000000000000e+00,0.000000000000000000e+00,0.000000000000000000e+00
-1.014325946008703072e+00,-6.437900516561757547e-01,2.115973156606076044e-01,1.203640392487436594e+00,-8.141634359064574555e-01,-9.182866198341532726e-01,0.000000000000000000e+00,1.000000000000000000e+00,0.000000000000000000e+00,0.000000000000000000e+00,0.000000000000000000e+00,0.000000000000000000e+00,0.000000000000000000e+00,0.000000000000000000e+00,0.000000000000000000e+00,1.000000000000000000e+00,0.000000000000000000e+00,0.000000000000000000e+00
7.921402625972726597e-01,7.162969178885063570e-01,9.524232377721791876e-01,3.152375729319767950e-01,8.600209250898868674e-02,-9.182866198341532726e-01,0.000000000000000000e+00,0.000000000000000000e+00,1.000000000000000000e+00,0.000000000000000000e+00,1.000000000000000000e+00,1.000000000000000000e+00,0.000000000000000000e+00,0.000000000000000000e+00,1.000000000000000000e+00,0.000000000000000000e+00,0.000000000000000000e+00,1.000000000000000000e+00
-3.767496370889469315e-01,9.883143117974426684e-01,1.109913262380484988e-01,8.348031565663945053e-02,-8.141634359064574555e-01,-9.182866198341532726e-01,0.000000000000000000e+00,0.000000000000000000e+00,1.000000000000000000e+00,0.000000000000000000e+00,0.000000000000000000e+00,1.000000000000000000e+00,0.000000000000000000e+00,0.000000000000000000e+00,0.000000000000000000e+00,1.000000000000000000e+00,0.000000000000000000e+00,1.000000000000000000e+00
-5.892750733955323117e-01,-1.187824839474048488e+00,7.440733008439064100e-02,6.227896564860336583e-03,-8.141634359064574555e-01,-9.182866198341532726e-01,0.000000000000000000e+00,1.000000000000000000e+00,0.000000000000000000e+00,0.000000000000000000e+00,0.000000000000000000e+00,1.000000000000000000e+00,0.000000000000000000e+00,1.000000000000000000e+00,0.000000000000000000e+00,1.000000000000000000e+00,0.000000000000000000e+00,0.000000000000000000e+00
5.796148262906872795e-01,-9.975526383830292387e-02,-1.359506477991420381e-01,-5.345390370775934263e-01,8.600209250898868674e-02,-9.182866198341532726e-01,1.000000000000000000e+00,0.000000000000000000e+00,0.000000000000000000e+00,0.000000000000000000e+00,0.000000000000000000e+00,1.000000000000000000e+00,0.000000000000000000e+00,0.000000000000000000e+00,0.000000000000000000e+00,0.000000000000000000e+00,0.000000000000000000e+00,0.000000000000000000e+00
1.217191135210443420e+00,-6.437900516561757547e-01,-2.365566372217011437e-01,8.348031565663945053e-02,-4.540972245402789542e-01,-9.182866198341532726e-01,0.000000000000000000e+00,0.000000000000000000e+00,1.000000000000000000e+00,0.000000000000000000e+00,0.000000000000000000e+00,0.000000000000000000e+00,0.000000000000000000e+00,0.000000000000000000e+00,1.000000000000000000e+00,1.000000000000000000e+00,0.000000000000000000e+00,0.000000000000000000e+00
2.386081034896662789e+00,4.442795239795698792e-01,-5.363665645341185451e-02,-8.435487134447098301e-01,1.760186453505333815e-01,-9.182866198341532726e-01,0.000000000000000000e+00,1.000000000000000000e+00,0.000000000000000000e+00,1.000000000000000000e+00,0.000000000000000000e+00,1.000000000000000000e+00,0.000000000000000000e+00,0.000000000000000000e+00,0.000000000000000000e+00,0.000000000000000000e+00,0.000000000000000000e+00,0.000000000000000000e+00
5.796148262906872795e-01,2.076383887433188580e+00,7.786492560423043940e-01,8.173782970285409233e-01,-6.341303302233681771e-01,-9.182866198341532726e-01,0.000000000000000000e+00,0.000000000000000000e+00,0.000000000000000000e+00,0.000000000000000000e+00,1.000000000000000000e+00,1.000000000000000000e+00,0.000000000000000000e+00,0.000000000000000000e+00,1.000000000000000000e+00,1.000000000000000000e+00,0.000000000000000000e+00,0.000000000000000000e+00
4.733521081373945893e-01,-8.614039667833248703e-01,-1.855398467021061260e+00,-5.345390370775934263e-01,8.600209250898868674e-02,5.404629697116543063e-01,0.000000000000000000e+00,0.000000000000000000e+00,1.000000000000000000e+00,0.000000000000000000e+00,0.000000000000000000e+00,0.000000000000000000e+00,0.000000000000000000e+00,0.000000000000000000e+00,0.000000000000000000e+00,1.000000000000000000e+00,0.000000000000000000e+00,0.000000000000000000e+00
7.921402625972726597e-01,-9.975526383830292387e-02,1.162781215655711797e+00,1.203640392487436594e+00,-8.141634359064574555e-01,-9.182866198341532726e-01,0.000000000000000000e+00,0.000000000000000000e+00,1.000000000000000000e+00,0.000000000000000000e+00,1.000000000000000000e+00,0.000000000000000000e+00,0.000000000000000000e+00,0.000000000000000000e+00,0.000000000000000000e+00,0.000000000000000000e+00,0.000000000000000000e+00,0.000000000000000000e+00
1.545639536775164913e-01,4.442795239795698792e-01,-1.855398467021061260e+00,4.697424111155349968e-01,-6.341303302233681771e-01,-9.182866198341532726e-01,1.000000000000000000e+00,0.000000000000000000e+00,0.000000000000000000e+00,1.000000000000000000e+00,0.000000000000000000e+00,0.000000000000000000e+00,0.000000000000000000e+00,0.000000000000000000e+00,0.000000000000000000e+00,1.000000000000000000e+00,0.000000000000000000e+00,0.000000000000000000e+00
-5.796148262906887505e-02,1.260331705706379202e+00,-2.548486352985300796e-01,8.560045065744305015e-01,-8.141634359064574555e-01,-9.182866198341532726e-01,0.000000000000000000e+00,1.000000000000000000e+00,0.000000000000000000e+00,1.000000000000000000e+00,0.000000000000000000e+00,1.000000000000000000e+00,0.000000000000000000e+00,1.000000000000000000e+00,0.000000000000000000e+00,1.000000000000000000e+00,1.000000000000000000e+00,0.000000000000000000e+00
-1.642242007823615790e-01,-9.975526383830292387e-02,-1.855398467021061260e+00,-6.890438752611516282e-01,-8.141634359064574555e-01,5.404629697116543063e-01,0.000000000000000000e+00,0.000000000000000000e+00,1.000000000000000000e+00,0.000000000000000000e+00,0.000000000000000000e+00,1.000000000000000000e+00,0.000000000000000000e+00,0.000000000000000000e+00,1.000000000000000000e+00,1.000000000000000000e+00,0.000000000000000000e+00,0.000000000000000000e+00
-1.642242007823615790e-01,-2.085622214018774956e-01,4.768312877746270773e-01,8.946307161203200797e-01,-8.141634359064574555e-01,5.404629697116543063e-01,0.000000000000000000e+00,0.000000000000000000e+00,1.000000000000000000e+00,0.000000000000000000e+00,0.000000000000000000e+00,0.000000000000000000e+00,0.000000000000000000e+00,0.000000000000000000e+00,1.000000000000000000e+00,1.000000000000000000e+00,0.000000000000000000e+00,1.000000000000000000e+00
8.984029807505653498e-01,-6.437900516561757547e-01,4.676852887362126232e-01,-1.731951533000169574e+00,-8.141634359064574555e-01,5.404629697116543063e-01,1.000000000000000000e+00,0.000000000000000000e+00,0.000000000000000000e+00,0.000000000000000000e+00,1.000000000000000000e+00,1.000000000000000000e+00,0.000000000000000000e+00,0.000000000000000000e+00,0.000000000000000000e+00,1.000000000000000000e+00,0.000000000000000000e+00,1.000000000000000000e+00
1.545639536775164913e-01,-1.187824839474048488e+00,1.290825202193514487e+00,8.560045065744305015e-01,-8.141634359064574555e-01,-9.182866198341532726e-01,1.000000000000000000e+00,0.000000000000000000e+00,0.000000000000000000e+00,1.000000000000000000e+00,0.000000000000000000e+00,1.000000000000000000e+00,0.000000000000000000e+00,0.000000000000000000e+00,0.000000000000000000e+00,0.000000000000000000e+00,0.000000000000000000e+00,0.000000000000000000e+00
-4.830123552422396216e-01,9.883143117974426684e-01,1.750133195069497605e-01,-6.117914561693725828e-01,9.861676209244346625e-01,5.404629697116543063e-01,0.000000000000000000e+00,0.000000000000000000e+00,1.000000000000000000e+00,0.000000000000000000e+00,0.000000000000000000e+00,1.000000000000000000e+00,0.000000000000000000e+00,0.000000000000000000e+00,0.000000000000000000e+00,1.000000000000000000e+00,0.000000000000000000e+00,0.000000000000000000e+00
5.796148262906872795e-01,2.293997802560337362e+00,4.219552935441402974e-01,1.993589442943081158e-01,-8.141634359064574555e-01,-9.182866198341532726e-01,0.000000000000000000e+00,0.000000000000000000e+00,1.000000000000000000e+00,0.000000000000000000e+00,0.000000000000000000e+00,1.000000000000000000e+00,0.000000000000000000e+00,0.000000000000000000e+00,0.000000000000000000e+00,0.000000000000000000e+00,0.000000000000000000e+00,1.000000000000000000e+00
-1.014325946008703072e+00,-9.975526383830292387e-02,5.611533200756171902e-02,-4.186604084399247472e-01,-8.141634359064574555e-01,-9.182866198341532726e-01,0.000000000000000000e+00,0.000000000000000000e+00,1.000000000000000000e+00,1.000000000000000000e+00,0.000000000000000000e+00,1.000000000000000000e+00,0.000000000000000000e+00,0.000000000000000000e+00,0.000000000000000000e+00,1.000000000000000000e+00,0.000000000000000000e+00,0.000000000000000000e+00
4.733521081373945893e-01,9.051693725271635696e-03,2.333469092572763248e+00,-2.658980562101518785e+00,8.600209250898868674e-02,-9.182866198341532726e-01,0.000000000000000000e+00,0.000000000000000000e+00,1.000000000000000000e+00,0.000000000000000000e+00,0.000000000000000000e+00,0.000000000000000000e+00,1.000000000000000000e+00,0.000000000000000000e+00,0.000000000000000000e+00,1.000000000000000000e+00,1.000000000000000000e+00,0.000000000000000000e+00
4.830123552422381505e-02,-5.349830940926011413e-01,7.603572579654754859e-01,-8.435487134447098301e-01,2.066366255022970222e+00,1.999212559257461885e+00,0.000000000000000000e+00,0.000000000000000000e+00,1.000000000000000000e+00,0.000000000000000000e+00,1.000000000000000000e+00,1.000000000000000000e+00,0.000000000000000000e+00,0.000000000000000000e+00,0.000000000000000000e+00,1.000000000000000000e+00,0.000000000000000000e+00,1.000000000000000000e+00
5.796148262906872795e-01,1.749963014742464740e+00,-2.457026362601155978e-01,-1.847830161637838309e+00,8.600209250898868674e-02,1.999212559257461885e+00,0.000000000000000000e+00,0.000000000000000000e+00,1.000000000000000000e+00,0.000000000000000000e+00,1.000000000000000000e+00,1.000000000000000000e+00,0.000000000000000000e+00,1.000000000000000000e+00,0.000000000000000000e+00,1.000000000000000000e+00,1.000000000000000000e+00,0.000000000000000000e+00
1.110928417057150730e+00,-6.437900516561757547e-01,-1.855398467021061260e+00,-1.229810808903605501e+00,9.861676209244346625e-01,5.404629697116543063e-01,0.000000000000000000e+00,0.000000000000000000e+00,1.000000000000000000e+00,1.000000000000000000e+00,0.000000000000000000e+00,1.000000000000000000e+00,0.000000000000000000e+00,0.000000000000000000e+00,0.000000000000000000e+00,1.000000000000000000e+00,1.000000000000000000e+00,0.000000000000000000e+00
1.004665698903858040e+00,-3.173691789654520812e-01,-1.855398467021061260e+00,-6.890438752611516282e-01,5.360848567167117995e-01,-9.182866198341532726e-01,0.000000000000000000e+00,0.000000000000000000e+00,1.000000000000000000e+00,1.000000000000000000e+00,0.000000000000000000e+00,0.000000000000000000e+00,1.000000000000000000e+00,0.000000000000000000e+00,0.000000000000000000e+00,1.000000000000000000e+00,0.000000000000000000e+00,0.000000000000000000e+00
-1.226851382315288452e+00,-1.459842233382985022e+00,-1.855398467021061260e+00,-3.800341988940352245e-01,-2.164411728529626711e+00,5.404629697116543063e-01,0.000000000000000000e+00,0.000000000000000000e+00,1.000000000000000000e+00,0.000000000000000000e+00,0.000000000000000000e+00,0.000000000000000000e+00,1.000000000000000000e+00,0.000000000000000000e+00,0.000000000000000000e+00,1.000000000000000000e+00,0.000000000000000000e+00,1.000000000000000000e+00
1.545639536775164913e-01,-8.614039667833248703e-01,-1.542426458759709462e-01,-1.384315647087163592e+00,-8.141634359064574555e-01,5.404629697116543063e-01,0.000000000000000000e+00,0.000000000000000000e+00,1.000000000000000000e+00,1.000000000000000000e+00,0.000000000000000000e+00,1.000000000000000000e+00,0.000000000000000000e+00,0.000000000000000000e+00,0.000000000000000000e+00,1.000000000000000000e+00,1.000000000000000000e+00,0.000000000000000000e+00
4.830123552422381505e-02,-6.437900516561757547e-01,5.042692848898704394e-01,3.538637824778663177e-01,-4.540972245402789542e-01,-9.182866198341532726e-01,0.000000000000000000e+00,1.000000000000000000e+00,0.000000000000000000e+00,0.000000000000000000e+00,1.000000000000000000e+00,1.000000000000000000e+00,0.000000000000000000e+00,0.000000000000000000e+00,1.000000000000000000e+00,1.000000000000000000e+00,0.000000000000000000e+00,0.000000000000000000e+00
-9.080632278554103820e-01,-9.975526383830292387e-02,3.122033050831667378e-01,1.242266602033326173e+00,-8.141634359064574555e-01,-9.182866198341532726e-01,1.000000000000000000e+00,0.000000000000000000e+00,0.000000000000000000e+00,0.000000000000000000e+00,0.000000000000000000e+00,1.000000000000000000e+00,0.000000000000000000e+00,0.000000000000000000e+00,0.000000000000000000e+00,0.000000000000000000e+00,0.000000000000000000e+00,0.000000000000000000e+00
-5.796148262906887505e-02,-9.975526383830292387e-02,-1.855398467021061260e+00,-6.890438752611516282e-01,-1.840475660156452031e-01,-9.182866198341532726e-01,1.000000000000000000e+00,0.000000000000000000e+00,0.000000000000000000e+00,1.000000000000000000e+00,0.000000000000000000e+00,0.000000000000000000e+00,1.000000000000000000e+00,0.000000000000000000e+00,0.000000000000000000e+00,1.000000000000000000e+00,0.000000000000000000e+00,0.000000000000000000e+00
8.984029807505653498e-01,4.442795239795698792e-01,5.957292752740150910e-01,8.560045065744305015e-01,2.426432466389148779e+00,1.999212559257461885e+00,0.000000000000000000e+00,0.000000000000000000e+00,1.000000000000000000e+00,0.000000000000000000e+00,1.000000000000000000e+00,0.000000000000000000e+00,1.000000000000000000e+00,0.000000000000000000e+00,0.000000000000000000e+00,0.000000000000000000e+00,0.000000000000000000e+00,0.000000000000000000e+00
-3.767496370889469315e-01,4.442795239795698792e-01,-6.755645910655954101e-01,-1.096507320728083296e-01,-8.141634359064574555e-01,-9.182866198341532726e-01,0.000000000000000000e+00,0.000000000000000000e+00,1.000000000000000000e+00,0.000000000000000000e+00,0.000000000000000000e+00,1.000000000000000000e+00,0.000000000000000000e+00,0.000000000000000000e+00,0.000000000000000000e+00,1.000000000000000000e+00,0.000000000000000000e+00,0.000000000000000000e+00
4.733521081373945893e-01,-1.731859627291921333e+00,9.269932816121957686e-02,-1.075305970720047188e+00,-8.141634359064574555e-01,-9.182866198341532726e-01,0.000000000000000000e+00,0.000000000000000000e+00,1.000000000000000000e+00,1.000000000000000000e+00,0.000000000000000000e+00,1.000000000000000000e+00,0.000000000000000000e+00,0.000000000000000000e+00,0.000000000000000000e+00,1.000000000000000000e+00,0.000000000000000000e+00,0.000000000000000000e+00
-6.955377915488250018e-01,-1.187824839474048488e+00,6.597512685429163248e-01,-7.662962943529307847e-01,8.600209250898868674e-02,5.404629697116543063e-01,0.000000000000000000e+00,0.000000000000000000e+00,1.000000000000000000e+00,0.000000000000000000e+00,1.000000000000000000e+00,1.000000000000000000e+00,0.000000000000000000e+00,0.000000000000000000e+00,0.000000000000000000e+00,1.000000000000000000e+00,0.000000000000000000e+00,1.000000000000000000e+00
-4.830123552422396216e-01,-9.975526383830292387e-02,5.774372771971861829e-01,1.280892811579215529e+00,-2.740641188571897868e-01,-9.182866198341532726e-01,1.000000000000000000e+00,0.000000000000000000e+00,0.000000000000000000e+00,0.000000000000000000e+00,0.000000000000000000e+00,0.000000000000000000e+00,0.000000000000000000e+00,0.000000000000000000e+00,0.000000000000000000e+00,1.000000000000000000e+00,0.000000000000000000e+00,0.000000000000000000e+00
4.733521081373945893e-01,-1.731859627291921333e+00,4.128092945057258434e-01,-6.117914561693725828e-01,8.600209250898868674e-02,-9.182866198341532726e-01,0.000000000000000000e+00,0.000000000000000000e+00,1.000000000000000000e+00,0.000000000000000000e+00,1.000000000000000000e+00,1.000000000000000000e+00,0.000000000000000000e+00,0.000000000000000000e+00,0.000000000000000000e+00,0.000000000000000000e+00,0.000000000000000000e+00,0.000000000000000000e+00
3.670893899841018992e-01,-9.975526383830292387e-02,9.615692368105936971e-01,-1.538820485270721905e+00,8.600209250898868674e-02,-9.182866198341532726e-01,0.000000000000000000e+00,0.000000000000000000e+00,0.000000000000000000e+00,0.000000000000000000e+00,0.000000000000000000e+00,1.000000000000000000e+00,0.000000000000000000e+00,0.000000000000000000e+00,0.000000000000000000e+00,0.000000000000000000e+00,0.000000000000000000e+00,0.000000000000000000e+00
-3.767496370889469315e-01,-6.437900516561757547e-01,3.762252983520679717e-01,9.332569256662096580e-01,1.760186453505333815e-01,-9.182866198341532726e-01,1.000000000000000000e+00,0.000000000000000000e+00,0.000000000000000000e+00,0.000000000000000000e+00,0.000000000000000000e+00,0.000000000000000000e+00,0.000000000000000000e+00,0.000000000000000000e+00,0.000000000000000000e+00,0.000000000000000000e+00,0.000000000000000000e+00,0.000000000000000000e+00
2.608266718308092091e-01,3.708488250886806892e+00,7.786492560423043940e-01,-1.869031511645874444e-01,2.786498677755326892e+00,1.999212559257461885e+00,0.000000000000000000e+00,0.000000000000000000e+00,1.000000000000000000e+00,0.000000000000000000e+00,1.000000000000000000e+00,0.000000000000000000e+00,1.000000000000000000e+00,0.000000000000000000e+00,1.000000000000000000e+00,0.000000000000000000e+00,1.000000000000000000e+00,1.000000000000000000e+00
-5.796148262906887505e-02,-6.437900516561757547e-01,-7.192865453024077649e-02,8.348031565663945053e-02,-8.141634359064574555e-01,-9.182866198341532726e-01,0.000000000000000000e+00,1.000000000000000000e+00,0.000000000000000000e+00,0.000000000000000000e+00,0.000000000000000000e+00,1.000000000000000000e+00,0.000000000000000000e+00,0.000000000000000000e+00,0.000000000000000000e+00,1.000000000000000000e+00,0.000000000000000000e+00,0.000000000000000000e+00
1.323453853363736110e+00,2.511611717687486589e+00,2.298893137374365403e-01,1.049135554303878282e+00,8.600209250898868674e-02,1.999212559257461885e+00,0.000000000000000000e+00,0.000000000000000000e+00,1.000000000000000000e+00,0.000000000000000000e+00,0.000000000000000000e+00,1.000000000000000000e+00,0.000000000000000000e+00,0.000000000000000000e+00,1.000000000000000000e+00,0.000000000000000000e+00,1.000000000000000000e+00,1.000000000000000000e+00
-6.955377915488250018e-01,9.883143117974426684e-01,2.115973156606076044e-01,-1.538820485270721905e+00,5.360848567167117995e-01,-9.182866198341532726e-01,0.000000000000000000e+00,0.000000000000000000e+00,1.000000000000000000e+00,0.000000000000000000e+00,0.000000000000000000e+00,1.000000000000000000e+00,0.000000000000000000e+00,0.000000000000000000e+00,1.000000000000000000e+00,1.000000000000000000e+00,0.000000000000000000e+00,1.000000000000000000e+00
1.110928417057150730e+00,-2.003877021200857644e+00,-1.855398467021061260e+00,2.766113633860872167e-01,1.760186453505333815e-01,5.404629697116543063e-01,0.000000000000000000e+00,0.000000000000000000e+00,1.000000000000000000e+00,0.000000000000000000e+00,0.000000000000000000e+00,0.000000000000000000e+00,1.000000000000000000e+00,0.000000000000000000e+00,0.000000000000000000e+00,0.000000000000000000e+00,0.000000000000000000e+00,0.000000000000000000e+00
-1.120588664161995762e+00,-5.349830940926011413e-01,9.269932816121957686e-02,1.049135554303878282e+00,-6.341303302233681771e-01,-9.182866198341532726e-01,0.000000000000000000e+00,1.000000000000000000e+00,0.000000000000000000e+00,0.000000000000000000e+00,0.000000000000000000e+00,1.000000000000000000e+00,0.000000000000000000e+00,0.000000000000000000e+00,0.000000000000000000e+00,0.000000000000000000e+00,0.000000000000000000e+00,0.000000000000000000e+00
4.733521081373945893e-01,1.722621300706334846e-01,1.750133195069497605e-01,-1.461568066178942749e+00,-8.141634359064574555e-01,-9.182866198341532726e-01,0.000000000000000000e+00,0.000000000000000000e+00,1.000000000000000000e+00,0.000000000000000000e+00,0.000000000000000000e+00,1.000000000000000000e+00,0.000000000000000000e+00,0.000000000000000000e+00,0.000000000000000000e+00,1.000000000000000000e+00,0.000000000000000000e+00,0.000000000000000000e+00
1.545639536775164913e-01,1.532349099615315513e+00,7.877952550807189036e-01,2.766113633860872167e-01,-9.403101317410050841e-02,5.404629697116543063e-01,0.000000000000000000e+00,0.000000000000000000e+00,1.000000000000000000e+00,0.000000000000000000e+00,1.000000000000000000e+00,1.000000000000000000e+00,0.000000000000000000e+00,0.000000000000000000e+00,1.000000000000000000e+00,1.000000000000000000e+00,0.000000000000000000e+00,1.000000000000000000e+00
-1.758164973081751903e+00,-9.975526383830292387e-02,7.440733008439064100e-02,1.607327347484185653e-01,-8.141634359064574555e-01,-9.182866198341532726e-01,0.000000000000000000e+00,1.000000000000000000e+00,0.000000000000000000e+00,0.000000000000000000e+00,0.000000000000000000e+00,1.000000000000000000e+00,0.000000000000000000e+00,0.000000000000000000e+00,0.000000000000000000e+00,0.000000000000000000e+00,0.000000000000000000e+00,0.000000000000000000e+00
6.858775444439799696e-01,-9.975526383830292387e-02,4.585392896977981692e-01,2.379851538401976663e-01,4.460683038751670493e-01,5.404629697116543063e-01,0.000000000000000000e+00,0.000000000000000000e+00,1.000000000000000000e+00,0.000000000000000000e+00,0.000000000000000000e+00,0.000000000000000000e+00,0.000000000000000000e+00,0.000000000000000000e+00,1.000000000000000000e+00,1.000000000000000000e+00,0.000000000000000000e+00,1.000000000000000000e+00
-9.080632278554103820e-01,-1.079017881910474097e+00,-3.920386208747470014e-01,6.227896564860336583e-03,-8.141634359064574555e-01,-9.182866198341532726e-01,1.000000000000000000e+00,0.000000000000000000e+00,0.000000000000000000e+00,0.000000000000000000e+00,0.000000000000000000e+00,1.000000000000000000e+00,0.000000000000000000e+00,0.000000000000000000e+00,0.000000000000000000e+00,0.000000000000000000e+00,0.000000000000000000e+00,0.000000000000000000e+00
1.004665698903858040e+00,-1.187824839474048488e+00,4.493932906593836596e-01,8.348031565663945053e-02,9.861676209244346625e-01,5.404629697116543063e-01,0.000000000000000000e+00,0.000000000000000000e+00,1.000000000000000000e+00,1.000000000000000000e+00,0.000000000000000000e+00,1.000000000000000000e+00,0.000000000000000000e+00,0.000000000000000000e+00,0.000000000000000000e+00,1.000000000000000000e+00,0.000000000000000000e+00,1.000000000000000000e+00
1.217191135210443420e+00,9.883143117974426684e-01,2.939113070063377742e-01,-6.890438752611516282e-01,5.360848567167117995e-01,5.404629697116543063e-01,0.000000000000000000e+00,0.000000000000000000e+00,1.000000000000000000e+00,0.000000000000000000e+00,0.000000000000000000e+00,1.000000000000000000e+00,0.000000000000000000e+00,0.000000000000000000e+00,0.000000000000000000e+00,1.000000000000000000e+00,0.000000000000000000e+00,1.000000000000000000e+00
-1.864427691235044593e+00,-6.437900516561757547e-01,-3.371626266442602216e-01,1.628528697492221511e+00,-8.141634359064574555e-01,-9.182866198341532726e-01,1.000000000000000000e+00,0.000000000000000000e+00,0.000000000000000000e+00,0.000000000000000000e+00,0.000000000000000000e+00,1.000000000000000000e+00,0.000000000000000000e+00,0.000000000000000000e+00,0.000000000000000000e+00,1.000000000000000000e+00,0.000000000000000000e+00,0.000000000000000000e+00
1.642242007823614180e+00,-5.349830940926011413e-01,1.201373252764629668e-01,-2.079587418913175778e+00,-8.141634359064574555e-01,5.404629697116543063e-01,0.000000000000000000e+00,0.000000000000000000e+00,1.000000000000000000e+00,0.000000000000000000e+00,1.000000000000000000e+00,1.000000000000000000e+00,0.000000000000000000e+00,0.000000000000000000e+00,1.000000000000000000e+00,1.000000000000000000e+00,1.000000000000000000e+00,1.000000000000000000e+00
1.961030162283492251e+00,-6.437900516561757547e-01,1.018453271996340448e-01,-1.384315647087163592e+00,8.600209250898868674e-02,5.404629697116543063e-01,0.000000000000000000e+00,1.000000000000000000e+00,0.000000000000000000e+00,0.000000000000000000e+00,0.000000000000000000e+00,1.000000000000000000e+00,0.000000000000000000e+00,0.000000000000000000e+00,0.000000000000000000e+00,1.000000000000000000e+00,0.000000000000000000e+00,1.000000000000000000e+00
3.670893899841018992e-01,-2.085622214018774956e-01,2.390353127758509943e-01,4.697424111155349968e-01,-4.540972245402789542e-01,5.404629697116543063e-01,0.000000000000000000e+00,1.000000000000000000e+00,0.000000000000000000e+00,0.000000000000000000e+00,1.000000000000000000e+00,1.000000000000000000e+00,0.000000000000000000e+00,0.000000000000000000e+00,1.000000000000000000e+00,1.000000000000000000e+00,0.000000000000000000e+00,0.000000000000000000e+00
3.670893899841018992e-01,-1.459842233382985022e+00,-1.855398467021061260e+00,3.924899920237558959e-01,-5.441137773818236489e-01,5.404629697116543063e-01,0.000000000000000000e+00,1.000000000000000000e+00,0.000000000000000000e+00,0.000000000000000000e+00,0.000000000000000000e+00,1.000000000000000000e+00,0.000000000000000000e+00,0.000000000000000000e+00,0.000000000000000000e+00,1.000000000000000000e+00,0.000000000000000000e+00,0.000000000000000000e+00
-1.864427691235044593e+00,-1.187824839474048488e+00,-1.855398467021061260e+00,-4.959128275317038481e-01,8.600209250898868674e-02,5.404629697116543063e-01,0.000000000000000000e+00,0.000000000000000000e+00,1.000000000000000000e+00,0.000000000000000000e+00,0.000000000000000000e+00,1.000000000000000000e+00,0.000000000000000000e+00,1.000000000000000000e+00,0.000000000000000000e+00,1.000000000000000000e+00,0.000000000000000000e+00,1.000000000000000000e+00
-5.796148262906887505e-02,4.442795239795698792e-01,3.670792993136535176e-01,6.628734588449827214e-01,-8.141634359064574555e-01,-9.182866198341532726e-01,0.000000000000000000e+00,0.000000000000000000e+00,1.000000000000000000e+00,0.000000000000000000e+00,0.000000000000000000e+00,1.000000000000000000e+00,0.000000000000000000e+00,0.000000000000000000e+00,0.000000000000000000e+00,1.000000000000000000e+00,0.000000000000000000e+00,0.000000000000000000e+00
-2.704869189356542414e-01,-6.437900516561757547e-01,8.426712493112056279e-01,7.401258779367618779e-01,-2.740641188571897868e-01,-9.182866198341532726e-01,0.000000000000000000e+00,1.000000000000000000e+00,0.000000000000000000e+00,0.000000000000000000e+00,1.000000000000000000e+00,0.000000000000000000e+00,0.000000000000000000e+00,0.000000000000000000e+00,0.000000000000000000e+00,0.000000000000000000e+00,0.000000000000000000e+00,0.000000000000000000e+00
1.545639536775164913e-01,-6.437900516561757547e-01,2.115973156606076044e-01,-4.186604084399247472e-01,7.161179623998009669e-01,5.404629697116543063e-01,0.000000000000000000e+00,0.000000000000000000e+00,1.000000000000000000e+00,0.000000000000000000e+00,1.000000000000000000e+00,0.000000000000000000e+00,1.000000000000000000e+00,0.000000000000000000e+00,1.000000000000000000e+00,1.000000000000000000e+00,0.000000000000000000e+00,1.000000000000000000e+00
-2.704869189356542414e-01,-1.731859627291921333e+00,1.750133195069497605e-01,1.993589442943081158e-01,2.660351981920778819e-01,-9.182866198341532726e-01,0.000000000000000000e+00,1.000000000000000000e+00,0.000000000000000000e+00,0.000000000000000000e+00,0.000000000000000000e+00,1.000000000000000000e+00,0.000000000000000000e+00,0.000000000000000000e+00,0.000000000000000000e+00,1.000000000000000000e+00,0.000000000000000000e+00,1.000000000000000000e+00
6.858775444439799696e-01,-6.437900516561757547e-01,-2.274106381832866619e-01,-1.616072904362500839e+00,-8.141634359064574555e-01,-9.182866198341532726e-01,0.000000000000000000e+00,1.000000000000000000e+00,0.000000000000000000e+00,0.000000000000000000e+00,0.000000000000000000e+00,0.000000000000000000e+00,0.000000000000000000e+00,0.000000000000000000e+00,0.000000000000000000e+00,0.000000000000000000e+00,1.000000000000000000e+00,0.000000000000000000e+00
3.670893899841018992e-01,4.442795239795698792e-01,-9.936665164548416640e-02,3.924899920237558959e-01,-4.540972245402789542e-01,-9.182866198341532726e-01,0.000000000000000000e+00,0.000000000000000000e+00,1.000000000000000000e+00,0.000000000000000000e+00,0.000000000000000000e+00,1.000000000000000000e+00,0.000000000000000000e+00,1.000000000000000000e+00,0.000000000000000000e+00,1.000000000000000000e+00,0.000000000000000000e+00,0.000000000000000000e+00
4.830123552422381505e-02,3.273260420632508438e+00,7.329192608502320683e-01,2.207921840680564962e+00,-8.141634359064574555e-01,5.404629697116543063e-01,1.000000000000000000e+00,0.000000000000000000e+00,0.000000000000000000e+00,0.000000000000000000e+00,1.000000000000000000e+00,0.000000000000000000e+00,0.000000000000000000e+00,0.000000000000000000e+00,1.000000000000000000e+00,1.000000000000000000e+00,0.000000000000000000e+00,0.000000000000000000e+00
1.642242007823614180e+00,4.442795239795698792e-01,3.304953031599956459e-01,5.083686206614245195e-01,8.061345152413456061e-01,1.999212559257461885e+00,0.000000000000000000e+00,0.000000000000000000e+00,0.000000000000000000e+00,0.000000000000000000e+00,0.000000000000000000e+00,0.000000000000000000e+00,0.000000000000000000e+00,0.000000000000000000e+00,0.000000000000000000e+00,0.000000000000000000e+00,0.000000000000000000e+00,0.000000000000000000e+00
-5.796148262906887505e-02,4.442795239795698792e-01,1.201373252764629668e-01,1.607327347484185653e-01,9.861676209244346625e-01,-9.182866198341532726e-01,1.000000000000000000e+00,0.000000000000000000e+00,0.000000000000000000e+00,0.000000000000000000e+00,0.000000000000000000e+00,1.000000000000000000e+00,0.000000000000000000e+00,0.000000000000000000e+00,0.000000000000000000e+00,0.000000000000000000e+00,0.000000000000000000e+00,1.000000000000000000e+00
-4.830123552422396216e-01,-9.158074455651121770e-01,5.682912781587716733e-01,1.435397649762773842e+00,-8.141634359064574555e-01,5.404629697116543063e-01,0.000000000000000000e+00,1.000000000000000000e+00,0.000000000000000000e+00,0.000000000000000000e+00,0.000000000000000000e+00,1.000000000000000000e+00,0.000000000000000000e+00,0.000000000000000000e+00,0.000000000000000000e+00,1.000000000000000000e+00,0.000000000000000000e+00,0.000000000000000000e+00
3.670893899841018992e-01,6.618934391067190504e-01,6.140212733508439991e-01,8.560045065744305015e-01,9.861676209244346625e-01,5.404629697116543063e-01,0.000000000000000000e+00,0.000000000000000000e+00,1.000000000000000000e+00,1.000000000000000000e+00,0.000000000000000000e+00,1.000000000000000000e+00,0.000000000000000000e+00,0.000000000000000000e+00,0.000000000000000000e+00,1.000000000000000000e+00,1.000000000000000000e+00,1.000000000000000000e+00
-8.018005097021176919e-01,5.530864815431444370e-01,-2.365566372217011437e-01,8.560045065744305015e-01,4.460683038751670493e-01,-9.182866198341532726e-01,0.000000000000000000e+00,1.000000000000000000e+00,0.000000000000000000e+00,0.000000000000000000e+00,1.000000000000000000e+00,0.000000000000000000e+00,1.000000000000000000e+00,0.000000000000000000e+00,0.000000000000000000e+00,0.000000000000000000e+00,0.000000000000000000e+00,1.000000000000000000e+00
-3.767496370889469315e-01,7.162969178885063570e-01,-1.855398467021061260e+00,4.485410611074989312e-02,-1.840475660156452031e-01,5.404629697116543063e-01,0.000000000000000000e+00,0.000000000000000000e+00,1.000000000000000000e+00,0.000000000000000000e+00,0.000000000000000000e+00,1.000000000000000000e+00,0.000000000000000000e+00,0.000000000000000000e+00,0.000000000000000000e+00,1.000000000000000000e+00,0.000000000000000000e+00,1.000000000000000000e+00
2.608266718308092091e-01,9.051693725271635696e-03,-1.725346439527998821e-01,-1.268437018449494857e+00,1.076184173765979413e+00,5.404629697116543063e-01,0.000000000000000000e+00,0.000000000000000000e+00,1.000000000000000000e+00,0.000000000000000000e+00,1.000000000000000000e+00,1.000000000000000000e+00,0.000000000000000000e+00,1.000000000000000000e+00,0.000000000000000000e+00,1.000000000000000000e+00,0.000000000000000000e+00,1.000000000000000000e+00
-1.642242007823615790e-01,4.442795239795698792e-01,5.134152839282849490e-01,1.242266602033326173e+00,-8.141634359064574555e-01,-9.182866198341532726e-01,0.000000000000000000e+00,1.000000000000000000e+00,0.000000000000000000e+00,1.000000000000000000e+00,0.000000000000000000e+00,1.000000000000000000e+00,0.000000000000000000e+00,0.000000000000000000e+00,0.000000000000000000e+00,1.000000000000000000e+00,0.000000000000000000e+00,0.000000000000000000e+00
1.642242007823614180e+00,1.722621300706334846e-01,-1.855398467021061260e+00,-3.027817798022561235e-01,-8.141634359064574555e-01,5.404629697116543063e-01,0.000000000000000000e+00,0.000000000000000000e+00,1.000000000000000000e+00,0.000000000000000000e+00,0.000000000000000000e+00,1.000000000000000000e+00,0.000000000000000000e+00,1.000000000000000000e+00,0.000000000000000000e+00,1.000000000000000000e+00,0.000000000000000000e+00,0.000000000000000000e+00
-2.704869189356542414e-01,1.532349099615315513e+00,9.158392416185213714e-01,4.697424111155349968e-01,8.600209250898868674e-02,5.404629697116543063e-01,0.000000000000000000e+00,0.000000000000000000e+00,1.000000000000000000e+00,0.000000000000000000e+00,0.000000000000000000e+00,1.000000000000000000e+00,0.000000000000000000e+00,0.000000000000000000e+00,0.000000000000000000e+00,0.000000000000000000e+00,0.000000000000000000e+00,1.000000000000000000e+00
5.796148262906872795e-01,-6.437900516561757547e-01,-1.855398467021061260e+00,-8.821749229905994083e-01,-8.141634359064574555e-01,5.404629697116543063e-01,0.000000000000000000e+00,0.000000000000000000e+00,1.000000000000000000e+00,0.000000000000000000e+00,0.000000000000000000e+00,1.000000000000000000e+00,0.000000000000000000e+00,0.000000000000000000e+00,0.000000000000000000e+00,1.000000000000000000e+00,0.000000000000000000e+00,0.000000000000000000e+00
3.670893899841018992e-01,-1.187824839474048488e+00,-1.855398467021061260e+00,-2.641555702563665453e-01,4.460683038751670493e-01,5.404629697116543063e-01,0.000000000000000000e+00,0.000000000000000000e+00,1.000000000000000000e+00,1.000000000000000000e+00,0.000000000000000000e+00,0.000000000000000000e+00,0.000000000000000000e+00,0.000000000000000000e+00,0.000000000000000000e+00,1.000000000000000000e+00,0.000000000000000000e+00,1.000000000000000000e+00
-4.830123552422396216e-01,-2.085622214018774956e-01,8.355332912280510893e-02,-1.616072904362500839e+00,-8.141634359064574555e-01,5.404629697116543063e-01,0.000000000000000000e+00,0.000000000000000000e+00,1.000000000000000000e+00,0.000000000000000000e+00,0.000000000000000000e+00,1.000000000000000000e+00,0.000000000000000000e+00,0.000000000000000000e+00,0.000000000000000000e+00,1.000000000000000000e+00,0.000000000000000000e+00,1.000000000000000000e+00
-8.018005097021176919e-01,-6.437900516561757547e-01,6.780432666197452329e-01,-4.959128275317038481e-01,8.600209250898868674e-02,5.404629697116543063e-01,0.000000000000000000e+00,0.000000000000000000e+00,1.000000000000000000e+00,0.000000000000000000e+00,0.000000000000000000e+00,1.000000000000000000e+00,0.000000000000000000e+00,0.000000000000000000e+00,0.000000000000000000e+00,1.000000000000000000e+00,0.000000000000000000e+00,1.000000000000000000e+00
6.858775444439799696e-01,4.442795239795698792e-01,8.243792512343767198e-01,1.242266602033326173e+00,2.660351981920778819e-01,1.999212559257461885e+00,0.000000000000000000e+00,0.000000000000000000e+00,1.000000000000000000e+00,0.000000000000000000e+00,1.000000000000000000e+00,1.000000000000000000e+00,0.000000000000000000e+00,0.000000000000000000e+00,1.000000000000000000e+00,1.000000000000000000e+00,0.000000000000000000e+00,0.000000000000000000e+00
-1.970690409388337283e+00,9.883143117974426684e-01,5.591452791203572747e-01,1.165014182941547016e+00,-8.141634359064574555e-01,-9.182866198341532726e-01,1.000000000000000000e+00,0.000000000000000000e+00,0.000000000000000000e+00,0.000000000000000000e+00,0.000000000000000000e+00,1.000000000000000000e+00,0.000000000000000000e+00,0.000000000000000000e+00,0.000000000000000000e+00,1.000000000000000000e+00,0.000000000000000000e+00,0.000000000000000000e+00
-2.289478563848215575e+00,-1.459842233382985022e+00,-4.449065741499738658e-02,1.049135554303878282e+00,-8.141634359064574555e-01,-9.182866198341532726e-01,1.000000000000000000e+00,0.000000000000000000e+00,0.000000000000000000e+00,0.000000000000000000e+00,0.000000000000000000e+00,1.000000000000000000e+00,0.000000000000000000e+00,0.000000000000000000e+00,0.000000000000000000e+00,0.000000000000000000e+00,0.000000000000000000e+00,0.000000000000000000e+00
1.004665698903858040e+00,7.162969178885063570e-01,2.756193089295088661e-01,4.697424111155349968e-01,1.256217279449068469e+00,-9.182866198341532726e-01,0.000000000000000000e+00,0.000000000000000000e+00,0.000000000000000000e+00,0.000000000000000000e+00,1.000000000000000000e+00,0.000000000000000000e+00,1.000000000000000000e+00,1.000000000000000000e+00,0.000000000000000000e+00,1.000000000000000000e+00,1.000000000000000000e+00,0.000000000000000000e+00
-3.767496370889469315e-01,1.532349099615315513e+00,-1.855398467021061260e+00,-1.075305970720047188e+00,-8.141634359064574555e-01,5.404629697116543063e-01,0.000000000000000000e+00,0.000000000000000000e+00,1.000000000000000000e+00,0.000000000000000000e+00,0.000000000000000000e+00,1.000000000000000000e+00,0.000000000000000000e+00,0.000000000000000000e+00,0.000000000000000000e+00,0.000000000000000000e+00,0.000000000000000000e+00,0.000000000000000000e+00
-1.642242007823615790e-01,-9.975526383830292387e-02,2.024513166221931504e-01,-6.890438752611516282e-01,9.861676209244346625e-01,5.404629697116543063e-01,0.000000000000000000e+00,0.000000000000000000e+00,1.000000000000000000e+00,0.000000000000000000e+00,0.000000000000000000e+00,1.000000000000000000e+00,0.000000000000000000e+00,0.000000000000000000e+00,0.000000000000000000e+00,1.000000000000000000e+00,0.000000000000000000e+00,1.000000000000000000e+00
1.110928417057150730e+00,-1.187824839474048488e+00,-1.855398467021061260e+00,-9.208011325364889865e-01,3.560517510336225766e-01,5.404629697116543063e-01,0.000000000000000000e+00,0.000000000000000000e+00,1.000000000000000000e+00,0.000000000000000000e+00,0.000000000000000000e+00,0.000000000000000000e+00,1.000000000000000000e+00,0.000000000000000000e+00,0.000000000000000000e+00,1.000000000000000000e+00,0.000000000000000000e+00,1.000000000000000000e+00
-1.333114100468581142e+00,-1.187824839474048488e+00,-2.822866324137734417e-01,7.787520874826514561e-01,-8.141634359064574555e-01,-9.182866198341532726e-01,0.000000000000000000e+00,0.000000000000000000e+00,1.000000000000000000e+00,0.000000000000000000e+00,1.000000000000000000e+00,0.000000000000000000e+00,0.000000000000000000e+00,0.000000000000000000e+00,1.000000000000000000e+00,1.000000000000000000e+00,0.000000000000000000e+00,0.000000000000000000e+00
-4.830123552422396216e-01,1.178586512888462057e-01,6.231672723892585086e-01,9.332569256662096580e-01,-8.141634359064574555e-01,-9.182866198341532726e-01,1.000000000000000000e+00,0.000000000000000000e+00,0.000000000000000000e+00,0.000000000000000000e+00,0.000000000000000000e+00,1.000000000000000000e+00,0.000000000000000000e+00,0.000000000000000000e+00,0.000000000000000000e+00,0.000000000000000000e+00,0.000000000000000000e+00,0.000000000000000000e+00
7.921402625972726597e-01,-9.975526383830292387e-02,-1.855398467021061260e+00,-8.821749229905994083e-01,-8.141634359064574555e-01,5.404629697116543063e-01,0.000000000000000000e+00,0.000000000000000000e+00,1.000000000000000000e+00,0.000000000000000000e+00,1.000000000000000000e+00,1.000000000000000000e+00,0.000000000000000000e+00,0.000000000000000000e+00,1.000000000000000000e+00,1.000000000000000000e+00,0.000000000000000000e+00,0.000000000000000000e+00
8.984029807505653498e-01,4.442795239795698792e-01,1.748125154114237523e+00,7.401258779367618779e-01,2.660351981920778819e-01,-9.182866198341532726e-01,0.000000000000000000e+00,0.000000000000000000e+00,1.000000000000000000e+00,0.000000000000000000e+00,1.000000000000000000e+00,1.000000000000000000e+00,0.000000000000000000e+00,0.000000000000000000e+00,0.000000000000000000e+00,0.000000000000000000e+00,0.000000000000000000e+00,0.000000000000000000e+00
-2.395741282001508043e+00,-1.731859627291921333e+00,1.475753223917063706e-01,4.697424111155349968e-01,-8.141634359064574555e-01,-9.182866198341532726e-01,1.000000000000000000e+00,0.000000000000000000e+00,0.000000000000000000e+00,1.000000000000000000e+00,0.000000000000000000e+00,1.000000000000000000e+00,0.000000000000000000e+00,0.000000000000000000e+00,0.000000000000000000e+00,0.000000000000000000e+00,0.000000000000000000e+00,0.000000000000000000e+00
-1.545639536775166523e+00,-6.437900516561757547e-01,1.245095207001442050e+00,1.242266602033326173e+00,-8.141634359064574555e-01,-9.182866198341532726e-01,0.000000000000000000e+00,1.000000000000000000e+00,0.000000000000000000e+00,0.000000000000000000e+00,0.000000000000000000e+00,1.000000000000000000e+00,0.000000000000000000e+00,0.000000000000000000e+00,0.000000000000000000e+00,1.000000000000000000e+00,0.000000000000000000e+00,0.000000000000000000e+00
2.608266718308092091e-01,1.178586512888462057e-01,1.885315139690454611e+00,4.697424111155349968e-01,8.961510680828901343e-01,1.999212559257461885e+00,0.000000000000000000e+00,0.000000000000000000e+00,1.000000000000000000e+00,0.000000000000000000e+00,1.000000000000000000e+00,1.000000000000000000e+00,0.000000000000000000e+00,0.000000000000000000e+00,1.000000000000000000e+00,0.000000000000000000e+00,0.000000000000000000e+00,1.000000000000000000e+00
6.858775444439799696e-01,9.883143117974426684e-01,3.396413021984100999e-01,1.280892811579215529e+00,-4.014460332555910838e-03,-9.182866198341532726e-01,0.000000000000000000e+00,0.000000000000000000e+00,0.000000000000000000e+00,0.000000000000000000e+00,0.000000000000000000e+00,0.000000000000000000e+00,0.000000000000000000e+00,0.000000000000000000e+00,0.000000000000000000e+00,0.000000000000000000e+00,0.000000000000000000e+00,0.000000000000000000e+00
-5.892750733955323117e-01,-6.437900516561757547e-01,4.676852887362126232e-01,-1.075305970720047188e+00,-8.141634359064574555e-01,-9.182866198341532726e-01,0.000000000000000000e+00,0.000000000000000000e+00,1.000000000000000000e+00,1.000000000000000000e+00,0.000000000000000000e+00,1.000000000000000000e+00,0.000000000000000000e+00,0.000000000000000000e+00,0.000000000000000000e+00,0.000000000000000000e+00,0.000000000000000000e+00,0.000000000000000000e+00
6.858775444439799696e-01,-9.975526383830292387e-02,-1.542426458759709462e-01,8.348031565663945053e-02,-3.640806716987343705e-01,5.404629697116543063e-01,0.000000000000000000e+00,0.000000000000000000e+00,1.000000000000000000e+00,0.000000000000000000e+00,1.000000000000000000e+00,1.000000000000000000e+00,0.000000000000000000e+00,0.000000000000000000e+00,0.000000000000000000e+00,1.000000000000000000e+00,1.000000000000000000e+00,1.000000000000000000e+00
2.173555598590077409e+00,-6.437900516561757547e-01,6.048752743124296005e-01,-6.504176657152620500e-01,-6.341303302233681771e-01,5.404629697116543063e-01,1.000000000000000000e+00,0.000000000000000000e+00,0.000000000000000000e+00,0.000000000000000000e+00,1.000000000000000000e+00,0.000000000000000000e+00,0.000000000000000000e+00,0.000000000000000000e+00,0.000000000000000000e+00,0.000000000000000000e+00,0.000000000000000000e+00,1.000000000000000000e+00
-9.080632278554103820e-01,-1.187824839474048488e+00,-1.855398467021061260e+00,6.227896564860336583e-03,-9.041799887480020947e-01,-9.182866198341532726e-01,0.000000000000000000e+00,1.000000000000000000e+00,0.000000000000000000e+00,0.000000000000000000e+00,0.000000000000000000e+00,0.000000000000000000e+00,0.000000000000000000e+00,0.000000000000000000e+00,0.000000000000000000e+00,1.000000000000000000e+00,0.000000000000000000e+00,0.000000000000000000e+00
1.323453853363736110e+00,-1.079017881910474097e+00,8.355332912280510893e-02,-2.255293607104769948e-01,-7.241468830649128163e-01,5.404629697116543063e-01,0.000000000000000000e+00,0.000000000000000000e+00,1.000000000000000000e+00,0.000000000000000000e+00,1.000000000000000000e+00,0.000000000000000000e+00,0.000000000000000000e+00,0.000000000000000000e+00,0.000000000000000000e+00,1.000000000000000000e+00,0.000000000000000000e+00,1.000000000000000000e+00
-5.796148262906887505e-02,-4.805796153108138902e-01,7.237732618118175587e-01,-1.654699113908390418e+00,9.861676209244346625e-01,1.999212559257461885e+00,0.000000000000000000e+00,0.000000000000000000e+00,1.000000000000000000e+00,0.000000000000000000e+00,0.000000000000000000e+00,1.000000000000000000e+00,0.000000000000000000e+00,0.000000000000000000e+00,1.000000000000000000e+00,1.000000000000000000e+00,0.000000000000000000e+00,1.000000000000000000e+00
-2.289478563848215575e+00,-2.003877021200857644e+00,-1.855398467021061260e+00,-4.186604084399247472e-01,-1.840475660156452031e-01,5.404629697116543063e-01,0.000000000000000000e+00,0.000000000000000000e+00,0.000000000000000000e+00,0.000000000000000000e+00,0.000000000000000000e+00,0.000000000000000000e+00,0.000000000000000000e+00,0.000000000000000000e+00,0.000000000000000000e+00,1.000000000000000000e+00,0.000000000000000000e+00,0.000000000000000000e+00
-1.970690409388337283e+00,-3.173691789654520812e-01,7.237732618118175587e-01,7.014996683908722996e-01,-8.141634359064574555e-01,-9.182866198341532726e-01,0.000000000000000000e+00,0.000000000000000000e+00,1.000000000000000000e+00,0.000000000000000000e+00,1.000000000000000000e+00,0.000000000000000000e+00,0.000000000000000000e+00,0.000000000000000000e+00,1.000000000000000000e+00,1.000000000000000000e+00,0.000000000000000000e+00,1.000000000000000000e+00
-1.545639536775166523e+00,-6.437900516561757547e-01,2.390353127758509943e-01,3.152375729319767950e-01,9.861676209244346625e-01,-9.182866198341532726e-01,1.000000000000000000e+00,0.000000000000000000e+00,0.000000000000000000e+00,1.000000000000000000e+00,0.000000000000000000e+00,0.000000000000000000e+00,0.000000000000000000e+00,0.000000000000000000e+00,0.000000000000000000e+00,1.000000000000000000e+00,0.000000000000000000e+00,0.000000000000000000e+00
-4.830123552422396216e-01,-6.437900516561757547e-01,-1.359506477991420381e-01,4.485410611074989312e-02,9.861676209244346625e-01,3.457962148803269908e+00,0.000000000000000000e+00,1.000000000000000000e+00,0.000000000000000000e+00,0.000000000000000000e+00,0.000000000000000000e+00,1.000000000000000000e+00,0.000000000000000000e+00,0.000000000000000000e+00,1.000000000000000000e+00,1.000000000000000000e+00,0.000000000000000000e+00,0.000000000000000000e+00
7.921402625972726597e-01,3.354725664159953213e-01,-3.371626266442602216e-01,-4.959128275317038481e-01,2.426432466389148779e+00,5.404629697116543063e-01,0.000000000000000000e+00,0.000000000000000000e+00,1.000000000000000000e+00,0.000000000000000000e+00,1.000000000000000000e+00,1.000000000000000000e+00,0.000000000000000000e+00,0.000000000000000000e+00,0.000000000000000000e+00,1.000000000000000000e+00,0.000000000000000000e+00,1.000000000000000000e+00
1.854767444130199561e+00,-1.187824839474048488e+00,5.682912781587716733e-01,-3.027817798022561235e-01,-8.141634359064574555e-01,5.404629697116543063e-01,0.000000000000000000e+00,1.000000000000000000e+00,0.000000000000000000e+00,0.000000000000000000e+00,1.000000000000000000e+00,0.000000000000000000e+00,0.000000000000000000e+00,0.000000000000000000e+00,0.000000000000000000e+00,0.000000000000000000e+00,1.000000000000000000e+00,0.000000000000000000e+00
1.535979289670321490e+00,1.178586512888462057e-01,4.676852887362126232e-01,5.083686206614245195e-01,-8.141634359064574555e-01,-9.182866198341532726e-01,0.000000000000000000e+00,1.000000000000000000e+00,0.000000000000000000e+00,0.000000000000000000e+00,0.000000000000000000e+00,1.000000000000000000e+00,0.000000000000000000e+00,0.000000000000000000e+00,0.000000000000000000e+00,1.000000000000000000e+00,1.000000000000000000e+00,1.000000000000000000e+00
-1.758164973081751903e+00,-6.437900516561757547e-01,5.225612829666993475e-01,-3.027817798022561235e-01,-8.141634359064574555e-01,-9.182866198341532726e-01,1.000000000000000000e+00,0.000000000000000000e+00,0.000000000000000000e+00,0.000000000000000000e+00,0.000000000000000000e+00,1.000000000000000000e+00,0.000000000000000000e+00,0.000000000000000000e+00,0.000000000000000000e+00,0.000000000000000000e+00,0.000000000000000000e+00,0.000000000000000000e+00
-1.014325946008703072e+00,-6.437900516561757547e-01,-3.097246295290168594e-01,2.379851538401976663e-01,1.706300043656791443e+00,-9.182866198341532726e-01,0.000000000000000000e+00,0.000000000000000000e+00,1.000000000000000000e+00,0.000000000000000000e+00,0.000000000000000000e+00,0.000000000000000000e+00,1.000000000000000000e+00,1.000000000000000000e+00,0.000000000000000000e+00,1.000000000000000000e+00,0.000000000000000000e+00,1.000000000000000000e+00
-1.333114100468581142e+00,-3.717726577472393323e-01,6.048752743124296005e-01,2.379851538401976663e-01,-8.141634359064574555e-01,-9.182866198341532726e-01,1.000000000000000000e+00,0.000000000000000000e+00,0.000000000000000000e+00,0.000000000000000000e+00,0.000000000000000000e+00,1.000000000000000000e+00,0.000000000000000000e+00,0.000000000000000000e+00,0.000000000000000000e+00,1.000000000000000000e+00,0.000000000000000000e+00,0.000000000000000000e+00
6.858775444439799696e-01,5.530864815431444370e-01,1.201373252764629668e-01,-1.075305970720047188e+00,1.436250385132157747e+00,5.404629697116543063e-01,0.000000000000000000e+00,0.000000000000000000e+00,1.000000000000000000e+00,0.000000000000000000e+00,0.000000000000000000e+00,1.000000000000000000e+00,0.000000000000000000e+00,0.000000000000000000e+00,0.000000000000000000e+00,1.000000000000000000e+00,0.000000000000000000e+00,1.000000000000000000e+00
1.545639536775164913e-01,1.532349099615315513e+00,8.152332521959622103e-01,1.993589442943081158e-01,9.861676209244346625e-01,5.404629697116543063e-01,1.000000000000000000e+00,0.000000000000000000e+00,0.000000000000000000e+00,0.000000000000000000e+00,0.000000000000000000e+00,1.000000000000000000e+00,0.000000000000000000e+00,0.000000000000000000e+00,0.000000000000000000e+00,1.000000000000000000e+00,1.000000000000000000e+00,1.000000000000000000e+00
1.110928417057150730e+00,-9.975526383830292387e-02,9.158392416185213714e-01,-6.117914561693725828e-01,9.861676209244346625e-01,1.999212559257461885e+00,0.000000000000000000e+00,0.000000000000000000e+00,1.000000000000000000e+00,0.000000000000000000e+00,0.000000000000000000e+00,1.000000000000000000e+00,0.000000000000000000e+00,0.000000000000000000e+00,0.000000000000000000e+00,0.000000000000000000e+00,0.000000000000000000e+00,0.000000000000000000e+00
-1.642242007823615790e-01,-2.085622214018774956e-01,-1.855398467021061260e+00,1.628528697492221511e+00,1.886333149339880944e+00,5.404629697116543063e-01,0.000000000000000000e+00,1.000000000000000000e+00,0.000000000000000000e+00,1.000000000000000000e+00,0.000000000000000000e+00,0.000000000000000000e+00,0.000000000000000000e+00,0.000000000000000000e+00,0.000000000000000000e+00,1.000000000000000000e+00,0.000000000000000000e+00,0.000000000000000000e+00
-1.226851382315288452e+00,-6.437900516561757547e-01,3.396413021984100999e-01,2.169295631134675162e+00,-9.403101317410050841e-02,-9.182866198341532726e-01,0.000000000000000000e+00,1.000000000000000000e+00,0.000000000000000000e+00,0.000000000000000000e+00,0.000000000000000000e+00,0.000000000000000000e+00,1.000000000000000000e+00,0.000000000000000000e+00,1.000000000000000000e+00,1.000000000000000000e+00,1.000000000000000000e+00,0.000000000000000000e+00
-1.642242007823615790e-01,1.097121269361017282e+00,8.701092464264490456e-01,1.551276278400442576e+00,2.660351981920778819e-01,-9.182866198341532726e-01,0.000000000000000000e+00,0.000000000000000000e+00,0.000000000000000000e+00,0.000000000000000000e+00,0.000000000000000000e+00,1.000000000000000000e+00,0.000000000000000000e+00,0.000000000000000000e+00,1.000000000000000000e+00,1.000000000000000000e+00,1.000000000000000000e+00,0.000000000000000000e+00
-8.018005097021176919e-01,1.178586512888462057e-01,9.798612348874226052e-01,-4.572866179858143254e-01,-8.141634359064574555e-01,5.404629697116543063e-01,0.000000000000000000e+00,0.000000000000000000e+00,1.000000000000000000e+00,0.000000000000000000e+00,0.000000000000000000e+00,1.000000000000000000e+00,0.000000000000000000e+00,0.000000000000000000e+00,0.000000000000000000e+00,1.000000000000000000e+00,0.000000000000000000e+00,0.000000000000000000e+00
-1.545639536775166523e+00,3.354725664159953213e-01,1.567213214301208246e-01,5.469948302073140978e-01,-8.141634359064574555e-01,-9.182866198341532726e-01,0.000000000000000000e+00,1.000000000000000000e+00,0.000000000000000000e+00,0.000000000000000000e+00,0.000000000000000000e+00,1.000000000000000000e+00,0.000000000000000000e+00,0.000000000000000000e+00,0.000000000000000000e+00,0.000000000000000000e+00,0.000000000000000000e+00,0.000000000000000000e+00
5.796148262906872795e-01,-3.173691789654520812e-01,1.384293233532918888e-01,-1.482769416186978939e-01,1.166200726607524052e+00,5.404629697116543063e-01,0.000000000000000000e+00,1.000000000000000000e+00,0.000000000000000000e+00,0.000000000000000000e+00,0.000000000000000000e+00,1.000000000000000000e+00,0.000000000000000000e+00,1.000000000000000000e+00,0.000000000000000000e+00,1.000000000000000000e+00,1.000000000000000000e+00,0.000000000000000000e+00
-5.892750733955323117e-01,-1.187824839474048488e+00,2.390353127758509943e-01,1.165014182941547016e+00,8.600209250898868674e-02,-9.182866198341532726e-01,1.000000000000000000e+00,0.000000000000000000e+00,0.000000000000000000e+00,0.000000000000000000e+00,0.000000000000000000e+00,0.000000000000000000e+00,1.000000000000000000e+00,0.000000000000000000e+00,1.000000000000000000e+00,1.000000000000000000e+00,0.000000000000000000e+00,0.000000000000000000e+00
-1.014325946008703072e+00,-9.975526383830292387e-02,7.969412541191333021e-01,-1.461568066178942749e+00,9.861676209244346625e-01,5.404629697116543063e-01,0.000000000000000000e+00,0.000000000000000000e+00,1.000000000000000000e+00,0.000000000000000000e+00,0.000000000000000000e+00,1.000000000000000000e+00,0.000000000000000000e+00,0.000000000000000000e+00,0.000000000000000000e+00,1.000000000000000000e+00,0.000000000000000000e+00,1.000000000000000000e+00
-9.080632278554103820e-01,4.442795239795698792e-01,1.933053175837786686e-01,-6.117914561693725828e-01,-8.141634359064574555e-01,-9.182866198341532726e-01,1.000000000000000000e+00,0.000000000000000000e+00,0.000000000000000000e+00,0.000000000000000000e+00,0.000000000000000000e+00,1.000000000000000000e+00,0.000000000000000000e+00,0.000000000000000000e+00,0.000000000000000000e+00,1.000000000000000000e+00,1.000000000000000000e+00,0.000000000000000000e+00
3.670893899841018992e-01,4.442795239795698792e-01,5.225612829666993475e-01,8.348031565663945053e-02,-8.141634359064574555e-01,-9.182866198341532726e-01,1.000000000000000000e+00,0.000000000000000000e+00,0.000000000000000000e+00,0.000000000000000000e+00,0.000000000000000000e+00,1.000000000000000000e+00,0.000000000000000000e+00,1.000000000000000000e+00,0.000000000000000000e+00,1.000000000000000000e+00,1.000000000000000000e+00,0.000000000000000000e+00
1.535979289670321490e+00,9.883143117974426684e-01,-7.192865453024077649e-02,-2.255293607104769948e-01,-8.141634359064574555e-01,5.404629697116543063e-01,0.000000000000000000e+00,1.000000000000000000e+00,0.000000000000000000e+00,0.000000000000000000e+00,0.000000000000000000e+00,1.000000000000000000e+00,0.000000000000000000e+00,1.000000000000000000e+00,0.000000000000000000e+00,1.000000000000000000e+00,1.000000000000000000e+00,0.000000000000000000e+00
8.984029807505653498e-01,-1.187824839474048488e+00,-1.855398467021061260e+00,-6.890438752611516282e-01,-3.640806716987343705e-01,5.404629697116543063e-01,0.000000000000000000e+00,0.000000000000000000e+00,1.000000000000000000e+00,0.000000000000000000e+00,0.000000000000000000e+00,1.000000000000000000e+00,0.000000000000000000e+00,0.000000000000000000e+00,0.000000000000000000e+00,1.000000000000000000e+00,0.000000000000000000e+00,1.000000000000000000e+00
-6.955377915488250018e-01,-1.296631797037623102e+00,3.670792993136535176e-01,5.469948302073140978e-01,-8.141634359064574555e-01,-9.182866198341532726e-01,0.000000000000000000e+00,1.000000000000000000e+00,0.000000000000000000e+00,0.000000000000000000e+00,0.000000000000000000e+00,0.000000000000000000e+00,0.000000000000000000e+00,0.000000000000000000e+00,0.000000000000000000e+00,1.000000000000000000e+00,0.000000000000000000e+00,0.000000000000000000e+00
-1.651902254928459213e+00,-1.187824839474048488e+00,-6.278265549182632244e-02,1.087761763849767860e+00,-8.141634359064574555e-01,5.404629697116543063e-01,0.000000000000000000e+00,0.000000000000000000e+00,1.000000000000000000e+00,0.000000000000000000e+00,0.000000000000000000e+00,1.000000000000000000e+00,0.000000000000000000e+00,0.000000000000000000e+00,0.000000000000000000e+00,1.000000000000000000e+00,0.000000000000000000e+00,0.000000000000000000e+00
-2.395741282001508043e+00,-6.437900516561757547e-01,6.140212733508439991e-01,5.856210397532036760e-01,5.360848567167117995e-01,5.404629697116543063e-01,0.000000000000000000e+00,0.000000000000000000e+00,1.000000000000000000e+00,0.000000000000000000e+00,0.000000000000000000e+00,1.000000000000000000e+00,0.000000000000000000e+00,0.000000000000000000e+00,0.000000000000000000e+00,1.000000000000000000e+00,0.000000000000000000e+00,1.000000000000000000e+00
-2.704869189356542414e-01,4.442795239795698792e-01,8.792552454648634441e-01,1.358145230670994685e+00,6.261014095582564387e-01,-9.182866198341532726e-01,0.000000000000000000e+00,0.000000000000000000e+00,1.000000000000000000e+00,0.000000000000000000e+00,0.000000000000000000e+00,0.000000000000000000e+00,0.000000000000000000e+00,0.000000000000000000e+00,1.000000000000000000e+00,1.000000000000000000e+00,0.000000000000000000e+00,1.000000000000000000e+00
-1.439376818621873833e+00,-1.405438754601197715e+00,3.396413021984100999e-01,-2.234092257096733647e+00,-8.141634359064574555e-01,-9.182866198341532726e-01,0.000000000000000000e+00,1.000000000000000000e+00,0.000000000000000000e+00,0.000000000000000000e+00,0.000000000000000000e+00,1.000000000000000000e+00,0.000000000000000000e+00,0.000000000000000000e+00,1.000000000000000000e+00,1.000000000000000000e+00,0.000000000000000000e+00,1.000000000000000000e+00
-1.120588664161995762e+00,-1.731859627291921333e+00,-1.855398467021061260e+00,-6.117914561693725828e-01,5.360848567167117995e-01,5.404629697116543063e-01,0.000000000000000000e+00,0.000000000000000000e+00,1.000000000000000000e+00,0.000000000000000000e+00,0.000000000000000000e+00,0.000000000000000000e+00,1.000000000000000000e+00,0.000000000000000000e+00,0.000000000000000000e+00,1.000000000000000000e+00,0.000000000000000000e+00,0.000000000000000000e+00
1.004665698903858040e+00,-9.975526383830292387e-02,9.615692368105936971e-01,6.227896564860336583e-03,9.861676209244346625e-01,5.404629697116543063e-01,0.000000000000000000e+00,0.000000000000000000e+00,1.000000000000000000e+00,0.000000000000000000e+00,0.000000000000000000e+00,1.000000000000000000e+00,0.000000000000000000e+00,0.000000000000000000e+00,0.000000000000000000e+00,1.000000000000000000e+00,0.000000000000000000e+00,1.000000000000000000e+00
-4.830123552422396216e-01,4.442795239795698792e-01,2.847653079679233201e-01,8.348031565663945053e-02,8.600209250898868674e-02,5.404629697116543063e-01,0.000000000000000000e+00,0.000000000000000000e+00,1.000000000000000000e+00,0.000000000000000000e+00,0.000000000000000000e+00,1.000000000000000000e+00,0.000000000000000000e+00,0.000000000000000000e+00,0.000000000000000000e+00,1.000000000000000000e+00,0.000000000000000000e+00,1.000000000000000000e+00
2.492343753049955701e+00,-3.717726577472393323e-01,9.249852406569357699e-01,9.332569256662096580e-01,-8.141634359064574555e-01,3.457962148803269908e+00,0.000000000000000000e+00,0.000000000000000000e+00,1.000000000000000000e+00,0.000000000000000000e+00,1.000000000000000000e+00,0.000000000000000000e+00,0.000000000000000000e+00,0.000000000000000000e+00,0.000000000000000000e+00,1.000000000000000000e+00,0.000000000000000000e+00,1.000000000000000000e+00
6.858775444439799696e-01,9.051693725271635696e-03,1.384293233532918888e-01,8.348031565663945053e-02,5.360848567167117995e-01,5.404629697116543063e-01,0.000000000000000000e+00,0.000000000000000000e+00,1.000000000000000000e+00,1.000000000000000000e+00,0.000000000000000000e+00,0.000000000000000000e+00,1.000000000000000000e+00,0.000000000000000000e+00,0.000000000000000000e+00,1.000000000000000000e+00,0.000000000000000000e+00,1.000000000000000000e+00
4.733521081373945893e-01,9.883143117974426684e-01,1.475753223917063706e-01,-7.662962943529307847e-01,-8.141634359064574555e-01,5.404629697116543063e-01,0.000000000000000000e+00,1.000000000000000000e+00,0.000000000000000000e+00,1.000000000000000000e+00,0.000000000000000000e+00,1.000000000000000000e+00,0.000000000000000000e+00,0.000000000000000000e+00,0.000000000000000000e+00,1.000000000000000000e+00,0.000000000000000000e+00,1.000000000000000000e+00
2.608266718308092091e-01,4.442795239795698792e-01,8.335252502727912294e-01,5.856210397532036760e-01,3.560517510336225766e-01,-9.182866198341532726e-01,1.000000000000000000e+00,0.000000000000000000e+00,0.000000000000000000e+00,0.000000000000000000e+00,1.000000000000000000e+00,1.000000000000000000e+00,0.000000000000000000e+00,0.000000000000000000e+00,0.000000000000000000e+00,0.000000000000000000e+00,0.000000000000000000e+00,0.000000000000000000e+00
5.796148262906872795e-01,1.722621300706334846e-01,-1.855398467021061260e+00,-8.821749229905994083e-01,8.600209250898868674e-02,5.404629697116543063e-01,0.000000000000000000e+00,0.000000000000000000e+00,1.000000000000000000e+00,0.000000000000000000e+00,0.000000000000000000e+00,1.000000000000000000e+00,0.000000000000000000e+00,0.000000000000000000e+00,1.000000000000000000e+00,1.000000000000000000e+00,0.000000000000000000e+00,1.000000000000000000e+00
4.733521081373945893e-01,1.532349099615315513e+00,4.859772868130415313e-01,-9.594273420823785647e-01,8.600209250898868674e-02,5.404629697116543063e-01,0.000000000000000000e+00,0.000000000000000000e+00,1.000000000000000000e+00,0.000000000000000000e+00,1.000000000000000000e+00,0.000000000000000000e+00,0.000000000000000000e+00,0.000000000000000000e+00,0.000000000000000000e+00,1.000000000000000000e+00,1.000000000000000000e+00,1.000000000000000000e+00
-5.892750733955323117e-01,-9.975526383830292387e-02,6.597512685429163248e-01,4.485410611074989312e-02,-6.341303302233681771e-01,-9.182866198341532726e-01,0.000000000000000000e+00,1.000000000000000000e+00,0.000000000000000000e+00,0.000000000000000000e+00,0.000000000000000000e+00,0.000000000000000000e+00,0.000000000000000000e+00,0.000000000000000000e+00,0.000000000000000000e+00,0.000000000000000000e+00,0.000000000000000000e+00,0.000000000000000000e+00
-8.018005097021176919e-01,-6.437900516561757547e-01,2.573273108526799580e-01,-8.821749229905994083e-01,-8.141634359064574555e-01,5.404629697116543063e-01,0.000000000000000000e+00,0.000000000000000000e+00,1.000000000000000000e+00,0.000000000000000000e+00,0.000000000000000000e+00,1.000000000000000000e+00,0.000000000000000000e+00,0.000000000000000000e+00,0.000000000000000000e+00,1.000000000000000000e+00,0.000000000000000000e+00,1.000000000000000000e+00
1.429716571517028800e+00,4.442795239795698792e-01,1.475753223917063706e-01,-6.117914561693725828e-01,9.861676209244346625e-01,5.404629697116543063e-01,0.000000000000000000e+00,0.000000000000000000e+00,1.000000000000000000e+00,1.000000000000000000e+00,0.000000000000000000e+00,1.000000000000000000e+00,0.000000000000000000e+00,0.000000000000000000e+00,1.000000000000000000e+00,1.000000000000000000e+00,0.000000000000000000e+00,1.000000000000000000e+00
1.004665698903858040e+00,9.883143117974426684e-01,-1.855398467021061260e+00,6.242472492990932542e-01,2.516449019230693196e+00,5.404629697116543063e-01,0.000000000000000000e+00,0.000000000000000000e+00,1.000000000000000000e+00,1.000000000000000000e+00,0.000000000000000000e+00,0.000000000000000000e+00,0.000000000000000000e+00,0.000000000000000000e+00,0.000000000000000000e+00,1.000000000000000000e+00,0.000000000000000000e+00,0.000000000000000000e+00
-1.014325946008703072e+00,-6.437900516561757547e-01,1.567213214301208246e-01,1.242266602033326173e+00,-8.141634359064574555e-01,-9.182866198341532726e-01,1.000000000000000000e+00,0.000000000000000000e+00,0.000000000000000000e+00,0.000000000000000000e+00,0.000000000000000000e+00,0.000000000000000000e+00,0.000000000000000000e+00,0.000000000000000000e+00,0.000000000000000000e+00,1.000000000000000000e+00,0.000000000000000000e+00,0.000000000000000000e+00
8.984029807505653498e-01,1.532349099615315513e+00,-3.554546247210891852e-01,2.766113633860872167e-01,4.766862840269308954e+00,3.457962148803269908e+00,0.000000000000000000e+00,0.000000000000000000e+00,1.000000000000000000e+00,0.000000000000000000e+00,1.000000000000000000e+00,0.000000000000000000e+00,1.000000000000000000e+00,0.000000000000000000e+00,1.000000000000000000e+00,0.000000000000000000e+00,0.000000000000000000e+00,0.000000000000000000e+00
4.733521081373945893e-01,7.707003966702935527e-01,1.384293233532918888e-01,-1.268437018449494857e+00,9.861676209244346625e-01,5.404629697116543063e-01,0.000000000000000000e+00,0.000000000000000000e+00,1.000000000000000000e+00,0.000000000000000000e+00,0.000000000000000000e+00,1.000000000000000000e+00,0.000000000000000000e+00,0.000000000000000000e+00,1.000000000000000000e+00,1.000000000000000000e+00,0.000000000000000000e+00,0.000000000000000000e+00
-1.333114100468581142e+00,-1.514245712164772328e+00,-1.855398467021061260e+00,-1.036679761174157610e+00,-8.141634359064574555e-01,-9.182866198341532726e-01,0.000000000000000000e+00,0.000000000000000000e+00,1.000000000000000000e+00,1.000000000000000000e+00,0.000000000000000000e+00,1.000000000000000000e+00,0.000000000000000000e+00,0.000000000000000000e+00,0.000000000000000000e+00,1.000000000000000000e+00,0.000000000000000000e+00,0.000000000000000000e+00
-5.796148262906887505e-02,-4.261761365290266390e-01,3.670792993136535176e-01,-6.117914561693725828e-01,9.861676209244346625e-01,5.404629697116543063e-01,0.000000000000000000e+00,0.000000000000000000e+00,1.000000000000000000e+00,0.000000000000000000e+00,0.000000000000000000e+00,1.000000000000000000e+00,0.000000000000000000e+00,0.000000000000000000e+00,1.000000000000000000e+00,1.000000000000000000e+00,0.000000000000000000e+00,1.000000000000000000e+00
1.217191135210443420e+00,-9.975526383830292387e-02,6.597512685429163248e-01,-8.821749229905994083e-01,8.600209250898868674e-02,5.404629697116543063e-01,0.000000000000000000e+00,0.000000000000000000e+00,1.000000000000000000e+00,1.000000000000000000e+00,0.000000000000000000e+00,1.000000000000000000e+00,0.000000000000000000e+00,0.000000000000000000e+00,0.000000000000000000e+00,1.000000000000000000e+00,0.000000000000000000e+00,1.000000000000000000e+00
1.545639536775164913e-01,-6.437900516561757547e-01,-1.855398467021061260e+00,-4.959128275317038481e-01,1.436250385132157747e+00,5.404629697116543063e-01,0.000000000000000000e+00,1.000000000000000000e+00,0.000000000000000000e+00,1.000000000000000000e+00,0.000000000000000000e+00,1.000000000000000000e+00,0.000000000000000000e+00,0.000000000000000000e+00,1.000000000000000000e+00,1.000000000000000000e+00,0.000000000000000000e+00,1.000000000000000000e+00
8.984029807505653498e-01,-9.975526383830292387e-02,5.499992800819427652e-01,-1.577446694816611483e+00,2.660351981920778819e-01,5.404629697116543063e-01,0.000000000000000000e+00,1.000000000000000000e+00,0.000000000000000000e+00,0.000000000000000000e+00,0.000000000000000000e+00,1.000000000000000000e+00,0.000000000000000000e+00,0.000000000000000000e+00,1.000000000000000000e+00,0.000000000000000000e+00,0.000000000000000000e+00,0.000000000000000000e+00
-5.796148262906887505e-02,-2.819929202927667244e+00,-1.855398467021061260e+00,1.221065252025290010e-01,9.861676209244346625e-01,-9.182866198341532726e-01,0.000000000000000000e+00,0.000000000000000000e+00,1.000000000000000000e+00,0.000000000000000000e+00,0.000000000000000000e+00,0.000000000000000000e+00,1.000000000000000000e+00,0.000000000000000000e+00,0.000000000000000000e+00,1.000000000000000000e+00,0.000000000000000000e+00,1.000000000000000000e+00
-5.892750733955323117e-01,-9.975526383830292387e-02,3.853712973904824257e-01,1.628528697492221511e+00,-6.341303302233681771e-01,-9.182866198341532726e-01,1.000000000000000000e+00,0.000000000000000000e+00,0.000000000000000000e+00,0.000000000000000000e+00,1.000000000000000000e+00,1.000000000000000000e+00,0.000000000000000000e+00,0.000000000000000000e+00,0.000000000000000000e+00,1.000000000000000000e+00,0.000000000000000000e+00,0.000000000000000000e+00
2.608266718308092091e-01,-2.085622214018774956e-01,1.841593185453642145e-01,-7.276700848070412064e-01,9.861676209244346625e-01,5.404629697116543063e-01,0.000000000000000000e+00,0.000000000000000000e+00,1.000000000000000000e+00,1.000000000000000000e+00,0.000000000000000000e+00,0.000000000000000000e+00,1.000000000000000000e+00,0.000000000000000000e+00,0.000000000000000000e+00,1.000000000000000000e+00,0.000000000000000000e+00,1.000000000000000000e+00
-1.120588664161995762e+00,-9.158074455651121770e-01,9.158392416185213714e-01,1.667154907038111089e+00,2.660351981920778819e-01,-9.182866198341532726e-01,0.000000000000000000e+00,0.000000000000000000e+00,1.000000000000000000e+00,0.000000000000000000e+00,0.000000000000000000e+00,1.000000000000000000e+00,0.000000000000000000e+00,0.000000000000000000e+00,0.000000000000000000e+00,1.000000000000000000e+00,0.000000000000000000e+00,0.000000000000000000e+00
5.796148262906872795e-01,4.442795239795698792e-01,-1.855398467021061260e+00,-8.049225038988202519e-01,8.600209250898868674e-02,5.404629697116543063e-01,0.000000000000000000e+00,0.000000000000000000e+00,1.000000000000000000e+00,1.000000000000000000e+00,0.000000000000000000e+00,1.000000000000000000e+00,0.000000000000000000e+00,0.000000000000000000e+00,0.000000000000000000e+00,1.000000000000000000e+00,0.000000000000000000e+00,1.000000000000000000e+00
-1.642242007823615790e-01,-9.975526383830292387e-02,8.701092464264490456e-01,-1.075305970720047188e+00,8.600209250898868674e-02,5.404629697116543063e-01,0.000000000000000000e+00,0.000000000000000000e+00,1.000000000000000000e+00,0.000000000000000000e+00,0.000000000000000000e+00,1.000000000000000000e+00,0.000000000000000000e+00,0.000000000000000000e+00,0.000000000000000000e+00,1.000000000000000000e+00,0.000000000000000000e+00,1.000000000000000000e+00
1.748504725976906871e+00,-9.158074455651121770e-01,-1.855398467021061260e+00,-1.770577742546059152e+00,-8.141634359064574555e-01,5.404629697116543063e-01,0.000000000000000000e+00,0.000000000000000000e+00,1.000000000000000000e+00,1.000000000000000000e+00,0.000000000000000000e+00,1.000000000000000000e+00,0.000000000000000000e+00,0.000000000000000000e+00,1.000000000000000000e+00,1.000000000000000000e+00,0.000000000000000000e+00,1.000000000000000000e+00
6.858775444439799696e-01,-1.731859627291921333e+00,4.128092945057258434e-01,-4.959128275317038481e-01,8.600209250898868674e-02,5.404629697116543063e-01,0.000000000000000000e+00,0.000000000000000000e+00,1.000000000000000000e+00,0.000000000000000000e+00,0.000000000000000000e+00,1.000000000000000000e+00,0.000000000000000000e+00,0.000000000000000000e+00,0.000000000000000000e+00,1.000000000000000000e+00,0.000000000000000000e+00,0.000000000000000000e+00
-1.642242007823615790e-01,-1.296631797037623102e+00,2.756193089295088661e-01,3.538637824778663177e-01,-7.241468830649128163e-01,3.457962148803269908e+00,0.000000000000000000e+00,0.000000000000000000e+00,1.000000000000000000e+00,0.000000000000000000e+00,0.000000000000000000e+00,0.000000000000000000e+00,0.000000000000000000e+00,0.000000000000000000e+00,1.000000000000000000e+00,1.000000000000000000e+00,1.000000000000000000e+00,0.000000000000000000e+00
8.984029807505653498e-01,1.532349099615315513e+00,-1.855398467021061260e+00,-2.543101933463850273e+00,-8.141634359064574555e-01,5.404629697116543063e-01,0.000000000000000000e+00,1.000000000000000000e+00,0.000000000000000000e+00,0.000000000000000000e+00,0.000000000000000000e+00,1.000000000000000000e+00,0.000000000000000000e+00,0.000000000000000000e+00,0.000000000000000000e+00,1.000000000000000000e+00,0.000000000000000000e+00,1.000000000000000000e+00
3.670893899841018992e-01,1.532349099615315513e+00,-1.855398467021061260e+00,-1.538820485270721905e+00,9.861676209244346625e-01,5.404629697116543063e-01,0.000000000000000000e+00,0.000000000000000000e+00,1.000000000000000000e+00,0.000000000000000000e+00,0.000000000000000000e+00,1.000000000000000000e+00,0.000000000000000000e+00,0.000000000000000000e+00,1.000000000000000000e+00,1.000000000000000000e+00,0.000000000000000000e+00,1.000000000000000000e+00
4.830123552422381505e-02,2.266656088524207635e-01,1.567213214301208246e-01,8.348031565663945053e-02,1.886333149339880944e+00,5.404629697116543063e-01,0.000000000000000000e+00,0.000000000000000000e+00,1.000000000000000000e+00,0.000000000000000000e+00,0.000000000000000000e+00,1.000000000000000000e+00,0.000000000000000000e+00,0.000000000000000000e+00,0.000000000000000000e+00,1.000000000000000000e+00,0.000000000000000000e+00,1.000000000000000000e+00
1.323453853363736110e+00,1.532349099615315513e+00,3.945172964288968798e-01,-6.890438752611516282e-01,-8.141634359064574555e-01,3.457962148803269908e+00,1.000000000000000000e+00,0.000000000000000000e+00,0.000000000000000000e+00,0.000000000000000000e+00,0.000000000000000000e+00,1.000000000000000000e+00,0.000000000000000000e+00,1.000000000000000000e+00,0.000000000000000000e+00,1.000000000000000000e+00,0.000000000000000000e+00,1.000000000000000000e+00
1.545639536775164913e-01,4.442795239795698792e-01,1.292833243148774347e-01,-1.036679761174157610e+00,4.226763523220040675e+00,-9.182866198341532726e-01,0.000000000000000000e+00,0.000000000000000000e+00,1.000000000000000000e+00,0.000000000000000000e+00,0.000000000000000000e+00,0.000000000000000000e+00,1.000000000000000000e+00,0.000000000000000000e+00,1.000000000000000000e+00,1.000000000000000000e+00,0.000000000000000000e+00,1.000000000000000000e+00
8.984029807505653498e-01,9.883143117974426684e-01,3.762252983520679717e-01,6.242472492990932542e-01,4.460683038751670493e-01,-9.182866198341532726e-01,0.000000000000000000e+00,0.000000000000000000e+00,1.000000000000000000e+00,0.000000000000000000e+00,0.000000000000000000e+00,1.000000000000000000e+00,0.000000000000000000e+00,0.000000000000000000e+00,0.000000000000000000e+00,0.000000000000000000e+00,0.000000000000000000e+00,1.000000000000000000e+00
1.535979289670321490e+00,6.618934391067190504e-01,-9.022065260706971235e-02,1.221065252025290010e-01,2.246399360706059056e+00,1.999212559257461885e+00,0.000000000000000000e+00,0.000000000000000000e+00,1.000000000000000000e+00,0.000000000000000000e+00,0.000000000000000000e+00,1.000000000000000000e+00,0.000000000000000000e+00,0.000000000000000000e+00,1.000000000000000000e+00,1.000000000000000000e+00,1.000000000000000000e+00,0.000000000000000000e+00
4.733521081373945893e-01,-9.158074455651121770e-01,-1.855398467021061260e+00,6.227896564860336583e-03,-3.640806716987343705e-01,5.404629697116543063e-01,0.000000000000000000e+00,0.000000000000000000e+00,1.000000000000000000e+00,0.000000000000000000e+00,0.000000000000000000e+00,0.000000000000000000e+00,0.000000000000000000e+00,0.000000000000000000e+00,0.000000000000000000e+00,1.000000000000000000e+00,0.000000000000000000e+00,0.000000000000000000e+00
4.733521081373945893e-01,9.883143117974426684e-01,1.475753223917063706e-01,-7.662962943529307847e-01,-8.141634359064574555e-01,5.404629697116543063e-01,0.000000000000000000e+00,1.000000000000000000e+00,0.000000000000000000e+00,1.000000000000000000e+00,0.000000000000000000e+00,1.000000000000000000e+00,0.000000000000000000e+00,0.000000000000000000e+00,0.000000000000000000e+00,1.000000000000000000e+00,0.000000000000000000e+00,1.000000000000000000e+00
-1.014325946008703072e+00,-1.079017881910474097e+00,7.969412541191333021e-01,5.856210397532036760e-01,-8.141634359064574555e-01,5.404629697116543063e-01,0.000000000000000000e+00,0.000000000000000000e+00,1.000000000000000000e+00,0.000000000000000000e+00,1.000000000000000000e+00,0.000000000000000000e+00,0.000000000000000000e+00,0.000000000000000000e+00,0.000000000000000000e+00,1.000000000000000000e+00,0.000000000000000000e+00,0.000000000000000000e+00
4.733521081373945893e-01,1.532349099615315513e+00,7.440733008439064100e-02,-1.770577742546059152e+00,-8.141634359064574555e-01,5.404629697116543063e-01,0.000000000000000000e+00,1.000000000000000000e+00,0.000000000000000000e+00,1.000000000000000000e+00,0.000000000000000000e+00,1.000000000000000000e+00,0.000000000000000000e+00,0.000000000000000000e+00,0.000000000000000000e+00,1.000000000000000000e+00,1.000000000000000000e+00,0.000000000000000000e+00
-1.333114100468581142e+00,-6.437900516561757547e-01,1.217657209886198633e+00,-7.662962943529307847e-01,1.886333149339880944e+00,5.404629697116543063e-01,0.000000000000000000e+00,0.000000000000000000e+00,1.000000000000000000e+00,0.000000000000000000e+00,0.000000000000000000e+00,1.000000000000000000e+00,0.000000000000000000e+00,0.000000000000000000e+00,0.000000000000000000e+00,1.000000000000000000e+00,0.000000000000000000e+00,1.000000000000000000e+00
3.670893899841018992e-01,4.442795239795698792e-01,-1.855398467021061260e+00,-1.461568066178942749e+00,-8.141634359064574555e-01,5.404629697116543063e-01,0.000000000000000000e+00,0.000000000000000000e+00,1.000000000000000000e+00,0.000000000000000000e+00,0.000000000000000000e+00,1.000000000000000000e+00,0.000000000000000000e+00,1.000000000000000000e+00,0.000000000000000000e+00,1.000000000000000000e+00,0.000000000000000000e+00,1.000000000000000000e+00
2.608266718308092091e-01,-3.173691789654520812e-01,-3.371626266442602216e-01,8.348031565663945053e-02,-8.141634359064574555e-01,-9.182866198341532726e-01,1.000000000000000000e+00,0.000000000000000000e+00,0.000000000000000000e+00,1.000000000000000000e+00,0.000000000000000000e+00,1.000000000000000000e+00,0.000000000000000000e+00,0.000000000000000000e+00,0.000000000000000000e+00,1.000000000000000000e+00,0.000000000000000000e+00,0.000000000000000000e+00
-1.864427691235044593e+00,9.883143117974426684e-01,-3.920386208747470014e-01,1.319519021125105107e+00,-8.141634359064574555e-01,-9.182866198341532726e-01,0.000000000000000000e+00,1.000000000000000000e+00,0.000000000000000000e+00,0.000000000000000000e+00,0.000000000000000000e+00,1.000000000000000000e+00,0.000000000000000000e+00,0.000000000000000000e+00,0.000000000000000000e+00,1.000000000000000000e+00,0.000000000000000000e+00,0.000000000000000000e+00
-1.642242007823615790e-01,-2.085622214018774956e-01,1.953133585390386118e-02,1.783033535675779824e+00,-8.141634359064574555e-01,-9.182866198341532726e-01,1.000000000000000000e+00,0.000000000000000000e+00,0.000000000000000000e+00,0.000000000000000000e+00,0.000000000000000000e+00,0.000000000000000000e+00,0.000000000000000000e+00,0.000000000000000000e+00,0.000000000000000000e+00,1.000000000000000000e+00,1.000000000000000000e+00,0.000000000000000000e+00
-2.608266718308093424e+00,-9.975526383830292387e-02,1.038533681548939672e-02,2.478305307501791788e+00,-8.141634359064574555e-01,-9.182866198341532726e-01,1.000000000000000000e+00,0.000000000000000000e+00,0.000000000000000000e+00,0.000000000000000000e+00,1.000000000000000000e+00,0.000000000000000000e+00,0.000000000000000000e+00,0.000000000000000000e+00,0.000000000000000000e+00,1.000000000000000000e+00,0.000000000000000000e+00,0.000000000000000000e+00
-6.955377915488250018e-01,4.442795239795698792e-01,-9.022065260706971235e-02,2.766113633860872167e-01,8.600209250898868674e-02,5.404629697116543063e-01,0.000000000000000000e+00,1.000000000000000000e+00,0.000000000000000000e+00,0.000000000000000000e+00,0.000000000000000000e+00,1.000000000000000000e+00,0.000000000000000000e+00,0.000000000000000000e+00,0.000000000000000000e+00,1.000000000000000000e+00,0.000000000000000000e+00,1.000000000000000000e+00
4.830123552422381505e-02,1.722621300706334846e-01,9.249852406569357699e-01,1.242266602033326173e+00,-8.141634359064574555e-01,-9.182866198341532726e-01,0.000000000000000000e+00,1.000000000000000000e+00,0.000000000000000000e+00,0.000000000000000000e+00,0.000000000000000000e+00,0.000000000000000000e+00,0.000000000000000000e+00,0.000000000000000000e+00,0.000000000000000000e+00,0.000000000000000000e+00,1.000000000000000000e+00,0.000000000000000000e+00
-3.767496370889469315e-01,-6.437900516561757547e-01,-3.188706285674313134e-01,8.560045065744305015e-01,-8.141634359064574555e-01,-9.182866198341532726e-01,1.000000000000000000e+00,0.000000000000000000e+00,0.000000000000000000e+00,0.000000000000000000e+00,0.000000000000000000e+00,1.000000000000000000e+00,0.000000000000000000e+00,0.000000000000000000e+00,0.000000000000000000e+00,1.000000000000000000e+00,0.000000000000000000e+00,0.000000000000000000e+00
3.670893899841018992e-01,-9.975526383830292387e-02,3.030573060447522282e-01,1.396771440216884264e+00,-8.141634359064574555e-01,5.404629697116543063e-01,1.000000000000000000e+00,0.000000000000000000e+00,0.000000000000000000e+00,0.000000000000000000e+00,1.000000000000000000e+00,1.000000000000000000e+00,0.000000000000000000e+00,0.000000000000000000e+00,0.000000000000000000e+00,0.000000000000000000e+00,0.000000000000000000e+00,0.000000000000000000e+00
-1.642242007823615790e-01,1.178586512888462057e-01,-1.705266029975399666e-02,7.787520874826514561e-01,-9.403101317410050841e-02,5.404629697116543063e-01,1.000000000000000000e+00,0.000000000000000000e+00,0.000000000000000000e+00,0.000000000000000000e+00,0.000000000000000000e+00,0.000000000000000000e+00,0.000000000000000000e+00,0.000000000000000000e+00,0.000000000000000000e+00,1.000000000000000000e+00,0.000000000000000000e+00,0.000000000000000000e+00
-4.830123552422396216e-01,4.442795239795698792e-01,-1.450966468375564922e-01,1.319519021125105107e+00,-8.141634359064574555e-01,-9.182866198341532726e-01,0.000000000000000000e+00,1.000000000000000000e+00,0.000000000000000000e+00,0.000000000000000000e+00,0.000000000000000000e+00,1.000000000000000000e+00,0.000000000000000000e+00,0.000000000000000000e+00,0.000000000000000000e+00,1.000000000000000000e+00,0.000000000000000000e+00,0.000000000000000000e+00
3.670893899841018992e-01,4.442795239795698792e-01,3.487873012368245540e-01,-5.731652466234830046e-01,-6.341303302233681771e-01,-9.182866198341532726e-01,0.000000000000000000e+00,0.000000000000000000e+00,1.000000000000000000e+00,0.000000000000000000e+00,0.000000000000000000e+00,1.000000000000000000e+00,0.000000000000000000e+00,0.000000000000000000e+00,1.000000000000000000e+00,0.000000000000000000e+00,0.000000000000000000e+00,1.000000000000000000e+00
1.004665698903858040e+00,-1.731859627291921333e+00,-1.855398467021061260e+00,-1.113932180265936767e+00,-1.624312411480359097e+00,5.404629697116543063e-01,0.000000000000000000e+00,0.000000000000000000e+00,1.000000000000000000e+00,0.000000000000000000e+00,0.000000000000000000e+00,1.000000000000000000e+00,0.000000000000000000e+00,0.000000000000000000e+00,0.000000000000000000e+00,1.000000000000000000e+00,0.000000000000000000e+00,0.000000000000000000e+00
-5.796148262906887505e-02,-3.717726577472393323e-01,-1.855398467021061260e+00,-6.890438752611516282e-01,5.360848567167117995e-01,5.404629697116543063e-01,0.000000000000000000e+00,0.000000000000000000e+00,1.000000000000000000e+00,0.000000000000000000e+00,0.000000000000000000e+00,0.000000000000000000e+00,0.000000000000000000e+00,0.000000000000000000e+00,0.000000000000000000e+00,1.000000000000000000e+00,0.000000000000000000e+00,0.000000000000000000e+00
1.545639536775164913e-01,1.423542142051740900e+00,1.292833243148774347e-01,-1.075305970720047188e+00,1.436250385132157747e+00,5.404629697116543063e-01,0.000000000000000000e+00,0.000000000000000000e+00,1.000000000000000000e+00,0.000000000000000000e+00,0.000000000000000000e+00,1.000000000000000000e+00,0.000000000000000000e+00,0.000000000000000000e+00,0.000000000000000000e+00,1.000000000000000000e+00,0.000000000000000000e+00,1.000000000000000000e+00
4.830123552422381505e-02,-6.437900516561757547e-01,3.945172964288968798e-01,-1.075305970720047188e+00,-8.141634359064574555e-01,-9.182866198341532726e-01,1.000000000000000000e+00,0.000000000000000000e+00,0.000000000000000000e+00,0.000000000000000000e+00,0.000000000000000000e+00,1.000000000000000000e+00,0.000000000000000000e+00,0.000000000000000000e+00,0.000000000000000000e+00,1.000000000000000000e+00,0.000000000000000000e+00,0.000000000000000000e+00
-2.289478563848215575e+00,-3.717726577472393323e-01,4.676852887362126232e-01,6.628734588449827214e-01,-8.141634359064574555e-01,-9.182866198341532726e-01,1.000000000000000000e+00,0.000000000000000000e+00,0.000000000000000000e+00,0.000000000000000000e+00,0.000000000000000000e+00,1.000000000000000000e+00,0.000000000000000000e+00,0.000000000000000000e+00,0.000000000000000000e+00,1.000000000000000000e+00,0.000000000000000000e+00,0.000000000000000000e+00
-1.651902254928459213e+00,3.354725664159953213e-01,-2.548486352985300796e-01,1.358145230670994685e+00,-8.141634359064574555e-01,-9.182866198341532726e-01,0.000000000000000000e+00,1.000000000000000000e+00,0.000000000000000000e+00,0.000000000000000000e+00,0.000000000000000000e+00,0.000000000000000000e+00,0.000000000000000000e+00,0.000000000000000000e+00,0.000000000000000000e+00,1.000000000000000000e+00,0.000000000000000000e+00,0.000000000000000000e+00
-1.970690409388337283e+00,-6.437900516561757547e-01,-3.920386208747470014e-01,1.821659745221669402e+00,-8.141634359064574555e-01,-9.182866198341532726e-01,0.000000000000000000e+00,0.000000000000000000e+00,0.000000000000000000e+00,1.000000000000000000e+00,0.000000000000000000e+00,1.000000000000000000e+00,0.000000000000000000e+00,0.000000000000000000e+00,0.000000000000000000e+00,0.000000000000000000e+00,0.000000000000000000e+00,0.000000000000000000e+00
1.545639536775164913e-01,-5.349830940926011413e-01,1.841593185453642145e-01,-1.461568066178942749e+00,-8.141634359064574555e-01,5.404629697116543063e-01,0.000000000000000000e+00,0.000000000000000000e+00,1.000000000000000000e+00,1.000000000000000000e+00,0.000000000000000000e+00,1.000000000000000000e+00,0.000000000000000000e+00,1.000000000000000000e+00,0.000000000000000000e+00,1.000000000000000000e+00,1.000000000000000000e+00,0.000000000000000000e+00
8.984029807505653498e-01,-9.158074455651121770e-01,-1.855398467021061260e+00,-3.800341988940352245e-01,1.436250385132157747e+00,5.404629697116543063e-01,0.000000000000000000e+00,0.000000000000000000e+00,1.000000000000000000e+00,0.000000000000000000e+00,0.000000000000000000e+00,0.000000000000000000e+00,1.000000000000000000e+00,0.000000000000000000e+00,0.000000000000000000e+00,1.000000000000000000e+00,0.000000000000000000e+00,1.000000000000000000e+00
-8.018005097021176919e-01,9.883143117974426684e-01,2.573273108526799580e-01,3.538637824778663177e-01,2.426432466389148779e+00,-9.182866198341532726e-01,0.000000000000000000e+00,1.000000000000000000e+00,0.000000000000000000e+00,0.000000000000000000e+00,0.000000000000000000e+00,1.000000000000000000e+00,0.000000000000000000e+00,0.000000000000000000e+00,0.000000000000000000e+00,1.000000000000000000e+00,0.000000000000000000e+00,0.000000000000000000e+00
6.858775444439799696e-01,-8.070004880015375637e-01,2.481813118142654762e-01,8.560045065744305015e-01,4.460683038751670493e-01,1.999212559257461885e+00,0.000000000000000000e+00,0.000000000000000000e+00,1.000000000000000000e+00,0.000000000000000000e+00,0.000000000000000000e+00,0.000000000000000000e+00,0.000000000000000000e+00,0.000000000000000000e+00,1.000000000000000000e+00,1.000000000000000000e+00,1.000000000000000000e+00,1.000000000000000000e+00
-2.608266718308093424e+00,-6.437900516561757547e-01,3.670792993136535176e-01,8.560045065744305015e-01,-8.141634359064574555e-01,-9.182866198341532726e-01,1.000000000000000000e+00,0.000000000000000000e+00,0.000000000000000000e+00,0.000000000000000000e+00,0.000000000000000000e+00,1.000000000000000000e+00,0.000000000000000000e+00,0.000000000000000000e+00,0.000000000000000000e+00,1.000000000000000000e+00,0.000000000000000000e+00,0.000000000000000000e+00
-1.651902254928459213e+00,-1.731859627291921333e+00,-1.855398467021061260e+00,1.589902487946332155e+00,-1.804345517163448376e+00,-9.182866198341532726e-01,0.000000000000000000e+00,1.000000000000000000e+00,0.000000000000000000e+00,0.000000000000000000e+00,0.000000000000000000e+00,0.000000000000000000e+00,0.000000000000000000e+00,0.000000000000000000e+00,0.000000000000000000e+00,1.000000000000000000e+00,0.000000000000000000e+00,0.000000000000000000e+00
6.858775444439799696e-01,1.532349099615315513e+00,5.865832762356006924e-01,7.401258779367618779e-01,-3.640806716987343705e-01,5.404629697116543063e-01,1.000000000000000000e+00,0.000000000000000000e+00,0.000000000000000000e+00,1.000000000000000000e+00,0.000000000000000000e+00,1.000000000000000000e+00,0.000000000000000000e+00,0.000000000000000000e+00,0.000000000000000000e+00,1.000000000000000000e+00,1.000000000000000000e+00,0.000000000000000000e+00
4.733521081373945893e-01,-1.731859627291921333e+00,2.847653079679233201e-01,7.014996683908722996e-01,-7.241468830649128163e-01,5.404629697116543063e-01,0.000000000000000000e+00,0.000000000000000000e+00,1.000000000000000000e+00,0.000000000000000000e+00,0.000000000000000000e+00,0.000000000000000000e+00,0.000000000000000000e+00,0.000000000000000000e+00,1.000000000000000000e+00,1.000000000000000000e+00,0.000000000000000000e+00,0.000000000000000000e+00
-5.892750733955323117e-01,1.532349099615315513e+00,1.391431191616073537e+00,-1.500194275724832327e+00,9.861676209244346625e-01,5.404629697116543063e-01,0.000000000000000000e+00,0.000000000000000000e+00,1.000000000000000000e+00,0.000000000000000000e+00,0.000000000000000000e+00,1.000000000000000000e+00,0.000000000000000000e+00,0.000000000000000000e+00,0.000000000000000000e+00,1.000000000000000000e+00,0.000000000000000000e+00,1.000000000000000000e+00
7.921402625972726597e-01,7.707003966702935527e-01,3.487873012368245540e-01,3.924899920237558959e-01,1.886333149339880944e+00,5.404629697116543063e-01,0.000000000000000000e+00,0.000000000000000000e+00,1.000000000000000000e+00,0.000000000000000000e+00,0.000000000000000000e+00,0.000000000000000000e+00,1.000000000000000000e+00,0.000000000000000000e+00,0.000000000000000000e+00,1.000000000000000000e+00,0.000000000000000000e+00,1.000000000000000000e+00
1.004665698903858040e+00,4.442795239795698792e-01,-1.450966468375564922e-01,2.379851538401976663e-01,2.786498677755326892e+00,1.999212559257461885e+00,0.000000000000000000e+00,0.000000000000000000e+00,1.000000000000000000e+00,0.000000000000000000e+00,1.000000000000000000e+00,0.000000000000000000e+00,0.000000000000000000e+00,0.000000000000000000e+00,1.000000000000000000e+00,1.000000000000000000e+00,0.000000000000000000e+00,1.000000000000000000e+00
-2.704869189356542414e-01,-9.975526383830292387e-02,-1.855398467021061260e+00,1.242266602033326173e+00,-1.444279305797269597e+00,5.404629697116543063e-01,0.000000000000000000e+00,0.000000000000000000e+00,1.000000000000000000e+00,0.000000000000000000e+00,0.000000000000000000e+00,0.000000000000000000e+00,0.000000000000000000e+00,0.000000000000000000e+00,0.000000000000000000e+00,1.000000000000000000e+00,0.000000000000000000e+00,0.000000000000000000e+00
-2.704869189356542414e-01,4.442795239795698792e-01,8.701092464264490456e-01,-6.117914561693725828e-01,2.966531783438416170e+00,3.457962148803269908e+00,0.000000000000000000e+00,0.000000000000000000e+00,1.000000000000000000e+00,0.000000000000000000e+00,0.000000000000000000e+00,1.000000000000000000e+00,0.000000000000000000e+00,0.000000000000000000e+00,1.000000000000000000e+00,1.000000000000000000e+00,0.000000000000000000e+00,1.000000000000000000e+00
6.858775444439799696e-01,1.722621300706334846e-01,-1.855398467021061260e+00,-2.890737819376856255e+00,-3.640806716987343705e-01,5.404629697116543063e-01,0.000000000000000000e+00,0.000000000000000000e+00,1.000000000000000000e+00,0.000000000000000000e+00,0.000000000000000000e+00,0.000000000000000000e+00,0.000000000000000000e+00,0.000000000000000000e+00,1.000000000000000000e+00,1.000000000000000000e+00,0.000000000000000000e+00,1.000000000000000000e+00
7.921402625972726597e-01,4.442795239795698792e-01,3.782333393073279010e-02,6.227896564860336583e-03,8.961510680828901343e-01,5.404629697116543063e-01,0.000000000000000000e+00,0.000000000000000000e+00,1.000000000000000000e+00,0.000000000000000000e+00,1.000000000000000000e+00,0.000000000000000000e+00,0.000000000000000000e+00,0.000000000000000000e+00,1.000000000000000000e+00,1.000000000000000000e+00,0.000000000000000000e+00,1.000000000000000000e+00
1.748504725976906871e+00,7.162969178885063570e-01,-2.639946343369445336e-01,-4.959128275317038481e-01,1.526266937973702387e+00,-9.182866198341532726e-01,0.000000000000000000e+00,0.000000000000000000e+00,1.000000000000000000e+00,0.000000000000000000e+00,0.000000000000000000e+00,0.000000000000000000e+00,1.000000000000000000e+00,0.000000000000000000e+00,1.000000000000000000e+00,1.000000000000000000e+00,0.000000000000000000e+00,1.000000000000000000e+00
5.796148262906872795e-01,4.442795239795698792e-01,1.658673204685352787e-01,1.010509344757988703e+00,-8.141634359064574555e-01,-9.182866198341532726e-01,1.000000000000000000e+00,0.000000000000000000e+00,0.000000000000000000e+00,0.000000000000000000e+00,0.000000000000000000e+00,0.000000000000000000e+00,0.000000000000000000e+00,0.000000000000000000e+00,0.000000000000000000e+00,1.000000000000000000e+00,0.000000000000000000e+00,1.000000000000000000e+00
1.545639536775164913e-01,4.442795239795698792e-01,5.957292752740150910e-01,-3.800341988940352245e-01,5.360848567167117995e-01,5.404629697116543063e-01,0.000000000000000000e+00,0.000000000000000000e+00,1.000000000000000000e+00,0.000000000000000000e+00,0.000000000000000000e+00,1.000000000000000000e+00,0.000000000000000000e+00,0.000000000000000000e+00,0.000000000000000000e+00,1.000000000000000000e+00,0.000000000000000000e+00,1.000000000000000000e+00
-4.830123552422396216e-01,-7.525970092197503680e-01,-4.926446102973061070e-01,-4.572866179858143254e-01,-9.403101317410050841e-02,3.457962148803269908e+00,0.000000000000000000e+00,1.000000000000000000e+00,0.000000000000000000e+00,0.000000000000000000e+00,1.000000000000000000e+00,0.000000000000000000e+00,0.000000000000000000e+00,0.000000000000000000e+00,0.000000000000000000e+00,1.000000000000000000e+00,0.000000000000000000e+00,0.000000000000000000e+00
-5.892750733955323117e-01,3.354725664159953213e-01,1.018453271996340448e-01,-1.152558389811826345e+00,5.360848567167117995e-01,5.404629697116543063e-01,0.000000000000000000e+00,0.000000000000000000e+00,1.000000000000000000e+00,0.000000000000000000e+00,0.000000000000000000e+00,1.000000000000000000e+00,0.000000000000000000e+00,0.000000000000000000e+00,0.000000000000000000e+00,0.000000000000000000e+00,0.000000000000000000e+00,1.000000000000000000e+00
4.830123552422381505e-02,-6.437900516561757547e-01,1.658673204685352787e-01,6.227896564860336583e-03,8.600209250898868674e-02,-9.182866198341532726e-01,1.000000000000000000e+00,0.000000000000000000e+00,0.000000000000000000e+00,0.000000000000000000e+00,0.000000000000000000e+00,0.000000000000000000e+00,0.000000000000000000e+00,0.000000000000000000e+00,0.000000000000000000e+00,0.000000000000000000e+00,0.000000000000000000e+00,0.000000000000000000e+00
-1.545639536775166523e+00,-1.187824839474048488e+00,-1.908266420296288179e-01,1.628528697492221511e+00,-8.141634359064574555e-01,-9.182866198341532726e-01,0.000000000000000000e+00,1.000000000000000000e+00,0.000000000000000000e+00,1.000000000000000000e+00,0.000000000000000000e+00,1.000000000000000000e+00,0.000000000000000000e+00,0.000000000000000000e+00,0.000000000000000000e+00,0.000000000000000000e+00,0.000000000000000000e+00,0.000000000000000000e+00
8.984029807505653498e-01,-6.437900516561757547e-01,-1.855398467021061260e+00,-1.482769416186978939e-01,-1.534295858638814236e+00,1.999212559257461885e+00,0.000000000000000000e+00,0.000000000000000000e+00,0.000000000000000000e+00,0.000000000000000000e+00,1.000000000000000000e+00,1.000000000000000000e+00,0.000000000000000000e+00,0.000000000000000000e+00,0.000000000000000000e+00,1.000000000000000000e+00,0.000000000000000000e+00,0.000000000000000000e+00
1.110928417057150730e+00,3.708488250886806892e+00,-1.855398467021061260e+00,8.348031565663945053e-02,8.600209250898868674e-02,5.404629697116543063e-01,0.000000000000000000e+00,0.000000000000000000e+00,1.000000000000000000e+00,0.000000000000000000e+00,0.000000000000000000e+00,1.000000000000000000e+00,0.000000000000000000e+00,0.000000000000000000e+00,0.000000000000000000e+00,0.000000000000000000e+00,0.000000000000000000e+00,1.000000000000000000e+00
5.796148262906872795e-01,1.178586512888462057e-01,1.038533681548939672e-02,9.332569256662096580e-01,-9.403101317410050841e-02,1.999212559257461885e+00,0.000000000000000000e+00,0.000000000000000000e+00,0.000000000000000000e+00,0.000000000000000000e+00,0.000000000000000000e+00,0.000000000000000000e+00,0.000000000000000000e+00,0.000000000000000000e+00,0.000000000000000000e+00,1.000000000000000000e+00,0.000000000000000000e+00,0.000000000000000000e+00
3.670893899841018992e-01,1.097121269361017282e+00,6.506052695045019263e-01,-1.925082580729617465e+00,2.660351981920778819e-01,5.404629697116543063e-01,0.000000000000000000e+00,0.000000000000000000e+00,1.000000000000000000e+00,0.000000000000000000e+00,0.000000000000000000e+00,1.000000000000000000e+00,0.000000000000000000e+00,0.000000000000000000e+00,1.000000000000000000e+00,1.000000000000000000e+00,0.000000000000000000e+00,1.000000000000000000e+00
1.217191135210443420e+00,4.442795239795698792e-01,1.958483131997770244e+00,7.401258779367618779e-01,-9.403101317410050841e-02,5.404629697116543063e-01,0.000000000000000000e+00,1.000000000000000000e+00,0.000000000000000000e+00,0.000000000000000000e+00,1.000000000000000000e+00,0.000000000000000000e+00,0.000000000000000000e+00,0.000000000000000000e+00,0.000000000000000000e+00,0.000000000000000000e+00,1.000000000000000000e+00,0.000000000000000000e+00
-3.767496370889469315e-01,7.162969178885063570e-01,5.591452791203572747e-01,4.697424111155349968e-01,-8.141634359064574555e-01,5.404629697116543063e-01,0.000000000000000000e+00,0.000000000000000000e+00,1.000000000000000000e+00,0.000000000000000000e+00,0.000000000000000000e+00,1.000000000000000000e+00,0.000000000000000000e+00,0.000000000000000000e+00,0.000000000000000000e+00,1.000000000000000000e+00,0.000000000000000000e+00,0.000000000000000000e+00
-1.333114100468581142e+00,-6.437900516561757547e-01,8.060872531575478117e-01,8.560045065744305015e-01,-8.141634359064574555e-01,-9.182866198341532726e-01,1.000000000000000000e+00,0.000000000000000000e+00,0.000000000000000000e+00,1.000000000000000000e+00,0.000000000000000000e+00,1.000000000000000000e+00,0.000000000000000000e+00,0.000000000000000000e+00,0.000000000000000000e+00,1.000000000000000000e+00,0.000000000000000000e+00,0.000000000000000000e+00
3.670893899841018992e-01,1.804366493524252046e+00,7.877952550807189036e-01,-5.345390370775934263e-01,8.600209250898868674e-02,3.457962148803269908e+00,0.000000000000000000e+00,0.000000000000000000e+00,1.000000000000000000e+00,0.000000000000000000e+00,1.000000000000000000e+00,1.000000000000000000e+00,0.000000000000000000e+00,0.000000000000000000e+00,1.000000000000000000e+00,1.000000000000000000e+00,1.000000000000000000e+00,0.000000000000000000e+00
6.858775444439799696e-01,1.423542142051740900e+00,9.341312396953502795e-01,8.946307161203200797e-01,-8.141634359064574555e-01,-9.182866198341532726e-01,0.000000000000000000e+00,0.000000000000000000e+00,1.000000000000000000e+00,0.000000000000000000e+00,1.000000000000000000e+00,0.000000000000000000e+00,0.000000000000000000e+00,0.000000000000000000e+00,0.000000000000000000e+00,0.000000000000000000e+00,0.000000000000000000e+00,0.000000000000000000e+00
3.670893899841018992e-01,-9.975526383830292387e-02,9.890072339258371148e-01,3.924899920237558959e-01,9.861676209244346625e-01,5.404629697116543063e-01,0.000000000000000000e+00,0.000000000000000000e+00,1.000000000000000000e+00,1.000000000000000000e+00,0.000000000000000000e+00,1.000000000000000000e+00,0.000000000000000000e+00,0.000000000000000000e+00,0.000000000000000000e+00,1.000000000000000000e+00,0.000000000000000000e+00,1.000000000000000000e+00
2.279818316743370321e+00,2.266656088524207635e-01,2.024513166221931504e-01,-9.980535516282680319e-01,1.886333149339880944e+00,5.404629697116543063e-01,0.000000000000000000e+00,0.000000000000000000e+00,1.000000000000000000e+00,0.000000000000000000e+00,0.000000000000000000e+00,1.000000000000000000e+00,0.000000000000000000e+00,0.000000000000000000e+00,0.000000000000000000e+00,1.000000000000000000e+00,0.000000000000000000e+00,1.000000000000000000e+00
1.748504725976906871e+00,-9.975526383830292387e-02,1.089613223348396165e+00,-1.113932180265936767e+00,1.346233832290613108e+00,3.457962148803269908e+00,0.000000000000000000e+00,0.000000000000000000e+00,1.000000000000000000e+00,0.000000000000000000e+00,1.000000000000000000e+00,1.000000000000000000e+00,0.000000000000000000e+00,0.000000000000000000e+00,0.000000000000000000e+00,1.000000000000000000e+00,0.000000000000000000e+00,0.000000000000000000e+00
7.921402625972726597e-01,-1.459842233382985022e+00,-1.855398467021061260e+00,-1.075305970720047188e+00,5.360848567167117995e-01,5.404629697116543063e-01,0.000000000000000000e+00,0.000000000000000000e+00,1.000000000000000000e+00,0.000000000000000000e+00,0.000000000000000000e+00,0.000000000000000000e+00,0.000000000000000000e+00,0.000000000000000000e+00,0.000000000000000000e+00,1.000000000000000000e+00,0.000000000000000000e+00,1.000000000000000000e+00
4.733521081373945893e-01,2.620418675251061202e+00,1.738979155075823124e+00,-1.075305970720047188e+00,8.600209250898868674e-02,5.404629697116543063e-01,1.000000000000000000e+00,0.000000000000000000e+00,0.000000000000000000e+00,0.000000000000000000e+00,0.000000000000000000e+00,1.000000000000000000e+00,0.000000000000000000e+00,0.000000000000000000e+00,1.000000000000000000e+00,0.000000000000000000e+00,0.000000000000000000e+00,1.000000000000000000e+00
-8.018005097021176919e-01,4.442795239795698792e-01,6.323132714276729072e-01,1.435397649762773842e+00,9.861676209244346625e-01,5.404629697116543063e-01,0.000000000000000000e+00,0.000000000000000000e+00,0.000000000000000000e+00,0.000000000000000000e+00,0.000000000000000000e+00,1.000000000000000000e+00,0.000000000000000000e+00,0.000000000000000000e+00,0.000000000000000000e+00,1.000000000000000000e+00,1.000000000000000000e+00,0.000000000000000000e+00
2.386081034896662789e+00,-1.514245712164772328e+00,1.475753223917063706e-01,-6.890438752611516282e-01,2.336415913547603918e+00,5.404629697116543063e-01,0.000000000000000000e+00,1.000000000000000000e+00,0.000000000000000000e+00,0.000000000000000000e+00,1.000000000000000000e+00,0.000000000000000000e+00,1.000000000000000000e+00,0.000000000000000000e+00,0.000000000000000000e+00,1.000000000000000000e+00,0.000000000000000000e+00,0.000000000000000000e+00
2.608266718308092091e-01,-6.437900516561757547e-01,6.963352646965742521e-01,4.697424111155349968e-01,8.600209250898868674e-02,5.404629697116543063e-01,1.000000000000000000e+00,0.000000000000000000e+00,0.000000000000000000e+00,0.000000000000000000e+00,0.000000000000000000e+00,1.000000000000000000e+00,0.000000000000000000e+00,0.000000000000000000e+00,0.000000000000000000e+00,0.000000000000000000e+00,0.000000000000000000e+00,0.000000000000000000e+00
2.173555598590077409e+00,1.260331705706379202e+00,9.798612348874226052e-01,-9.980535516282680319e-01,5.360848567167117995e-01,5.404629697116543063e-01,0.000000000000000000e+00,0.000000000000000000e+00,1.000000000000000000e+00,0.000000000000000000e+00,0.000000000000000000e+00,0.000000000000000000e+00,1.000000000000000000e+00,0.000000000000000000e+00,0.000000000000000000e+00,1.000000000000000000e+00,0.000000000000000000e+00,1.000000000000000000e+00
4.733521081373945893e-01,-1.187824839474048488e+00,-4.449065741499738658e-02,-1.075305970720047188e+00,-8.141634359064574555e-01,5.404629697116543063e-01,0.000000000000000000e+00,0.000000000000000000e+00,1.000000000000000000e+00,0.000000000000000000e+00,0.000000000000000000e+00,1.000000000000000000e+00,0.000000000000000000e+00,0.000000000000000000e+00,0.000000000000000000e+00,1.000000000000000000e+00,0.000000000000000000e+00,0.000000000000000000e+00
-1.120588664161995762e+00,-1.187824839474048488e+00,7.440733008439064100e-02,8.946307161203200797e-01,-8.141634359064574555e-01,-9.182866198341532726e-01,0.000000000000000000e+00,0.000000000000000000e+00,1.000000000000000000e+00,0.000000000000000000e+00,0.000000000000000000e+00,0.000000000000000000e+00,0.000000000000000000e+00,0.000000000000000000e+00,1.000000000000000000e+00,1.000000000000000000e+00,0.000000000000000000e+00,0.000000000000000000e+00
1.110928417057150730e+00,-2.085622214018774956e-01,5.499992800819427652e-01,-1.268437018449494857e+00,-6.341303302233681771e-01,5.404629697116543063e-01,0.000000000000000000e+00,0.000000000000000000e+00,1.000000000000000000e+00,0.000000000000000000e+00,0.000000000000000000e+00,1.000000000000000000e+00,0.000000000000000000e+00,0.000000000000000000e+00,1.000000000000000000e+00,1.000000000000000000e+00,0.000000000000000000e+00,1.000000000000000000e+00
-2.076953127541630195e+00,9.883143117974426684e-01,1.018453271996340448e-01,1.165014182941547016e+00,-8.141634359064574555e-01,-9.182866198341532726e-01,1.000000000000000000e+00,0.000000000000000000e+00,0.000000000000000000e+00,1.000000000000000000e+00,0.000000000000000000e+00,1.000000000000000000e+00,0.000000000000000000e+00,0.000000000000000000e+00,0.000000000000000000e+00,1.000000000000000000e+00,0.000000000000000000e+00,0.000000000000000000e+00
1.323453853363736110e+00,7.707003966702935527e-01,6.871892656581597425e-01,5.469948302073140978e-01,-8.141634359064574555e-01,5.404629697116543063e-01,0.000000000000000000e+00,1.000000000000000000e+00,0.000000000000000000e+00,0.000000000000000000e+00,1.000000000000000000e+00,1.000000000000000000e+00,0.000000000000000000e+00,0.000000000000000000e+00,0.000000000000000000e+00,0.000000000000000000e+00,0.000000000000000000e+00,0.000000000000000000e+00
1.110928417057150730e+00,4.442795239795698792e-01,1.208511210847784234e+00,7.787520874826514561e-01,-8.141634359064574555e-01,-9.182866198341532726e-01,0.000000000000000000e+00,1.000000000000000000e+00,0.000000000000000000e+00,0.000000000000000000e+00,0.000000000000000000e+00,0.000000000000000000e+00,0.000000000000000000e+00,0.000000000000000000e+00,0.000000000000000000e+00,1.000000000000000000e+00,0.000000000000000000e+00,0.000000000000000000e+00
1.535979289670321490e+00,-7.525970092197503680e-01,6.780432666197452329e-01,5.083686206614245195e-01,8.600209250898868674e-02,5.404629697116543063e-01,0.000000000000000000e+00,1.000000000000000000e+00,0.000000000000000000e+00,0.000000000000000000e+00,0.000000000000000000e+00,0.000000000000000000e+00,0.000000000000000000e+00,0.000000000000000000e+00,1.000000000000000000e+00,1.000000000000000000e+00,0.000000000000000000e+00,0.000000000000000000e+00
-5.892750733955323117e-01,4.442795239795698792e-01,3.213493041215811918e-01,-7.662962943529307847e-01,-8.141634359064574555e-01,-9.182866198341532726e-01,1.000000000000000000e+00,0.000000000000000000e+00,0.000000000000000000e+00,0.000000000000000000e+00,0.000000000000000000e+00,1.000000000000000000e+00,0.000000000000000000e+00,0.000000000000000000e+00,0.000000000000000000e+00,1.000000000000000000e+00,0.000000000000000000e+00,0.000000000000000000e+00
-6.955377915488250018e-01,1.722621300706334846e-01,4.128092945057258434e-01,1.242266602033326173e+00,-8.141634359064574555e-01,5.404629697116543063e-01,0.000000000000000000e+00,1.000000000000000000e+00,0.000000000000000000e+00,0.000000000000000000e+00,0.000000000000000000e+00,1.000000000000000000e+00,0.000000000000000000e+00,0.000000000000000000e+00,0.000000000000000000e+00,0.000000000000000000e+00,1.000000000000000000e+00,0.000000000000000000e+00
8.984029807505653498e-01,1.532349099615315513e+00,4.676852887362126232e-01,-1.152558389811826345e+00,1.886333149339880944e+00,5.404629697116543063e-01,0.000000000000000000e+00,0.000000000000000000e+00,1.000000000000000000e+00,1.000000000000000000e+00,0.000000000000000000e+00,1.000000000000000000e+00,0.000000000000000000e+00,0.000000000000000000e+00,0.000000000000000000e+00,1.000000000000000000e+00,1.000000000000000000e+00,1.000000000000000000e+00
-6.955377915488250018e-01,-1.079017881910474097e+00,1.038533681548939672e-02,1.993589442943081158e-01,-7.241468830649128163e-01,-9.182866198341532726e-01,0.000000000000000000e+00,0.000000000000000000e+00,1.000000000000000000e+00,0.000000000000000000e+00,0.000000000000000000e+00,0.000000000000000000e+00,0.000000000000000000e+00,0.000000000000000000e+00,0.000000000000000000e+00,1.000000000000000000e+00,0.000000000000000000e+00,0.000000000000000000e+00
-1.333114100468581142e+00,9.883143117974426684e-01,-2.914326314521878958e-01,-3.800341988940352245e-01,5.360848567167117995e-01,-9.182866198341532726e-01,0.000000000000000000e+00,0.000000000000000000e+00,1.000000000000000000e+00,0.000000000000000000e+00,0.000000000000000000e+00,1.000000000000000000e+00,0.000000000000000000e+00,0.000000000000000000e+00,0.000000000000000000e+00,1.000000000000000000e+00,0.000000000000000000e+00,1.000000000000000000e+00
-6.955377915488250018e-01,-6.437900516561757547e-01,1.953133585390386118e-02,-1.538820485270721905e+00,9.861676209244346625e-01,5.404629697116543063e-01,0.000000000000000000e+00,0.000000000000000000e+00,1.000000000000000000e+00,0.000000000000000000e+00,0.000000000000000000e+00,1.000000000000000000e+00,0.000000000000000000e+00,1.000000000000000000e+00,0.000000000000000000e+00,0.000000000000000000e+00,0.000000000000000000e+00,1.000000000000000000e+00
4.830123552422381505e-02,9.883143117974426684e-01,2.664733098910944120e-01,1.049135554303878282e+00,6.261014095582564387e-01,-9.182866198341532726e-01,0.000000000000000000e+00,1.000000000000000000e+00,0.000000000000000000e+00,0.000000000000000000e+00,1.000000000000000000e+00,0.000000000000000000e+00,0.000000000000000000e+00,0.000000000000000000e+00,1.000000000000000000e+00,1.000000000000000000e+00,0.000000000000000000e+00,0.000000000000000000e+00
1.545639536775164913e-01,7.162969178885063570e-01,1.126197219502053981e+00,6.628734588449827214e-01,-8.141634359064574555e-01,-9.182866198341532726e-01,1.000000000000000000e+00,0.000000000000000000e+00,0.000000000000000000e+00,0.000000000000000000e+00,0.000000000000000000e+00,1.000000000000000000e+00,0.000000000000000000e+00,0.000000000000000000e+00,0.000000000000000000e+00,1.000000000000000000e+00,0.000000000000000000e+00,0.000000000000000000e+00
-1.651902254928459213e+00,-1.459842233382985022e+00,-1.855398467021061260e+00,1.087761763849767860e+00,1.706300043656791443e+00,5.404629697116543063e-01,0.000000000000000000e+00,0.000000000000000000e+00,1.000000000000000000e+00,0.000000000000000000e+00,0.000000000000000000e+00,0.000000000000000000e+00,0.000000000000000000e+00,0.000000000000000000e+00,0.000000000000000000e+00,0.000000000000000000e+00,0.000000000000000000e+00,0.000000000000000000e+00
6.858775444439799696e-01,-6.437900516561757547e-01,-1.855398467021061260e+00,1.221065252025290010e-01,9.861676209244346625e-01,5.404629697116543063e-01,0.000000000000000000e+00,1.000000000000000000e+00,0.000000000000000000e+00,0.000000000000000000e+00,0.000000000000000000e+00,0.000000000000000000e+00,0.000000000000000000e+00,0.000000000000000000e+00,0.000000000000000000e+00,1.000000000000000000e+00,0.000000000000000000e+00,1.000000000000000000e+00
4.830123552422381505e-02,4.442795239795698792e-01,3.304953031599956459e-01,8.560045065744305015e-01,2.660351981920778819e-01,-9.182866198341532726e-01,0.000000000000000000e+00,0.000000000000000000e+00,1.000000000000000000e+00,0.000000000000000000e+00,0.000000000000000000e+00,0.000000000000000000e+00,0.000000000000000000e+00,0.000000000000000000e+00,0.000000000000000000e+00,1.000000000000000000e+00,0.000000000000000000e+00,0.000000000000000000e+00
-6.955377915488250018e-01,1.532349099615315513e+00,8.060872531575478117e-01,7.787520874826514561e-01,1.886333149339880944e+00,5.404629697116543063e-01,0.000000000000000000e+00,0.000000000000000000e+00,1.000000000000000000e+00,1.000000000000000000e+00,0.000000000000000000e+00,1.000000000000000000e+00,0.000000000000000000e+00,0.000000000000000000e+00,0.000000000000000000e+00,1.000000000000000000e+00,0.000000000000000000e+00,1.000000000000000000e+00
2.608266718308092091e-01,-6.437900516561757547e-01,-9.407985631796148551e-01,-6.890438752611516282e-01,5.360848567167117995e-01,-9.182866198341532726e-01,0.000000000000000000e+00,0.000000000000000000e+00,1.000000000000000000e+00,0.000000000000000000e+00,0.000000000000000000e+00,1.000000000000000000e+00,0.000000000000000000e+00,0.000000000000000000e+00,1.000000000000000000e+00,1.000000000000000000e+00,0.000000000000000000e+00,1.000000000000000000e+00
-1.226851382315288452e+00,4.442795239795698792e-01,2.115973156606076044e-01,1.551276278400442576e+00,-8.141634359064574555e-01,-9.182866198341532726e-01,0.000000000000000000e+00,0.000000000000000000e+00,1.000000000000000000e+00,0.000000000000000000e+00,0.000000000000000000e+00,0.000000000000000000e+00,0.000000000000000000e+00,0.000000000000000000e+00,0.000000000000000000e+00,1.000000000000000000e+00,0.000000000000000000e+00,0.000000000000000000e+00
1.545639536775164913e-01,-6.437900516561757547e-01,-1.855398467021061260e+00,-1.770577742546059152e+00,-5.441137773818236489e-01,5.404629697116543063e-01,0.000000000000000000e+00,0.000000000000000000e+00,1.000000000000000000e+00,1.000000000000000000e+00,0.000000000000000000e+00,0.000000000000000000e+00,0.000000000000000000e+00,0.000000000000000000e+00,1.000000000000000000e+00,1.000000000000000000e+00,0.000000000000000000e+00,0.000000000000000000e+00
-9.080632278554103820e-01,-2.085622214018774956e-01,9.615692368105936971e-01,1.242266602033326173e+00,-8.141634359064574555e-01,-9.182866198341532726e-01,1.000000000000000000e+00,0.000000000000000000e+00,0.000000000000000000e+00,0.000000000000000000e+00,1.000000000000000000e+00,0.000000000000000000e+00,0.000000000000000000e+00,0.000000000000000000e+00,0.000000000000000000e+00,1.000000000000000000e+00,0.000000000000000000e+00,0.000000000000000000e+00
1.110928417057150730e+00,2.620418675251061202e+00,1.117051220463639583e+00,6.242472492990932542e-01,-8.141634359064574555e-01,-9.182866198341532726e-01,0.000000000000000000e+00,0.000000000000000000e+00,1.000000000000000000e+00,0.000000000000000000e+00,0.000000000000000000e+00,0.000000000000000000e+00,0.000000000000000000e+00,0.000000000000000000e+00,0.000000000000000000e+00,0.000000000000000000e+00,0.000000000000000000e+00,1.000000000000000000e+00
5.796148262906872795e-01,4.442795239795698792e-01,2.390353127758509943e-01,8.348031565663945053e-02,-8.141634359064574555e-01,-9.182866198341532726e-01,0.000000000000000000e+00,0.000000000000000000e+00,1.000000000000000000e+00,0.000000000000000000e+00,0.000000000000000000e+00,1.000000000000000000e+00,0.000000000000000000e+00,0.000000000000000000e+00,0.000000000000000000e+00,1.000000000000000000e+00,0.000000000000000000e+00,0.000000000000000000e+00
4.830123552422381505e-02,-9.975526383830292387e-02,-7.906661261339530469e-03,-9.980535516282680319e-01,9.861676209244346625e-01,5.404629697116543063e-01,0.000000000000000000e+00,0.000000000000000000e+00,1.000000000000000000e+00,0.000000000000000000e+00,0.000000000000000000e+00,1.000000000000000000e+00,0.000000000000000000e+00,0.000000000000000000e+00,0.000000000000000000e+00,1.000000000000000000e+00,1.000000000000000000e+00,1.000000000000000000e+00
-8.018005097021176919e-01,-6.437900516561757547e-01,2.481813118142654762e-01,4.697424111155349968e-01,-8.141634359064574555e-01,-9.182866198341532726e-01,0.000000000000000000e+00,1.000000000000000000e+00,0.000000000000000000e+00,0.000000000000000000e+00,0.000000000000000000e+00,1.000000000000000000e+00,0.000000000000000000e+00,0.000000000000000000e+00,0.000000000000000000e+00,1.000000000000000000e+00,0.000000000000000000e+00,0.000000000000000000e+00
-1.545639536775166523e+00,3.164453463068933825e+00,3.487873012368245540e-01,-1.229810808903605501e+00,-8.141634359064574555e-01,-9.182866198341532726e-01,1.000000000000000000e+00,0.000000000000000000e+00,0.000000000000000000e+00,0.000000000000000000e+00,0.000000000000000000e+00,1.000000000000000000e+00,0.000000000000000000e+00,0.000000000000000000e+00,0.000000000000000000e+00,1.000000000000000000e+00,0.000000000000000000e+00,0.000000000000000000e+00
5.796148262906872795e-01,2.511611717687486589e+00,6.140212733508439991e-01,2.766113633860872167e-01,2.966531783438416170e+00,-9.182866198341532726e-01,0.000000000000000000e+00,0.000000000000000000e+00,0.000000000000000000e+00,0.000000000000000000e+00,1.000000000000000000e+00,0.000000000000000000e+00,1.000000000000000000e+00,0.000000000000000000e+00,1.000000000000000000e+00,1.000000000000000000e+00,0.000000000000000000e+00,0.000000000000000000e+00
1.545639536775164913e-01,-5.349830940926011413e-01,1.071321225271567146e+00,6.628734588449827214e-01,-8.141634359064574555e-01,-9.182866198341532726e-01,1.000000000000000000e+00,0.000000000000000000e+00,0.000000000000000000e+00,0.000000000000000000e+00,0.000000000000000000e+00,1.000000000000000000e+00,0.000000000000000000e+00,0.000000000000000000e+00,0.000000000000000000e+00,0.000000000000000000e+00,0.000000000000000000e+00,0.000000000000000000e+00
4.733521081373945893e-01,-2.085622214018774956e-01,5.134152839282849490e-01,-3.027817798022561235e-01,1.886333149339880944e+00,1.999212559257461885e+00,0.000000000000000000e+00,0.000000000000000000e+00,1.000000000000000000e+00,0.000000000000000000e+00,1.000000000000000000e+00,1.000000000000000000e+00,0.000000000000000000e+00,0.000000000000000000e+00,1.000000000000000000e+00,1.000000000000000000e+00,0.000000000000000000e+00,1.000000000000000000e+00
8.984029807505653498e-01,1.097121269361017282e+00,-4.560606141436482908e-01,-1.577446694816611483e+00,6.261014095582564387e-01,5.404629697116543063e-01,0.000000000000000000e+00,0.000000000000000000e+00,1.000000000000000000e+00,1.000000000000000000e+00,0.000000000000000000e+00,0.000000000000000000e+00,0.000000000000000000e+00,0.000000000000000000e+00,1.000000000000000000e+00,1.000000000000000000e+00,0.000000000000000000e+00,1.000000000000000000e+00
3.670893899841018992e-01,4.442795239795698792e-01,5.682912781587716733e-01,2.766113633860872167e-01,8.600209250898868674e-02,5.404629697116543063e-01,1.000000000000000000e+00,0.000000000000000000e+00,0.000000000000000000e+00,1.000000000000000000e+00,0.000000000000000000e+00,1.000000000000000000e+00,0.000000000000000000e+00,0.000000000000000000e+00,0.000000000000000000e+00,1.000000000000000000e+00,0.000000000000000000e+00,1.000000000000000000e+00
-1.642242007823615790e-01,4.442795239795698792e-01,1.839585144498382174e+00,-5.345390370775934263e-01,9.861676209244346625e-01,5.404629697116543063e-01,0.000000000000000000e+00,0.000000000000000000e+00,1.000000000000000000e+00,0.000000000000000000e+00,0.000000000000000000e+00,1.000000000000000000e+00,0.000000000000000000e+00,0.000000000000000000e+00,0.000000000000000000e+00,1.000000000000000000e+00,0.000000000000000000e+00,1.000000000000000000e+00
4.733521081373945893e-01,-6.437900516561757547e-01,7.420652598886465778e-01,8.560045065744305015e-01,8.061345152413456061e-01,-9.182866198341532726e-01,1.000000000000000000e+00,0.000000000000000000e+00,0.000000000000000000e+00,0.000000000000000000e+00,1.000000000000000000e+00,1.000000000000000000e+00,0.000000000000000000e+00,0.000000000000000000e+00,0.000000000000000000e+00,1.000000000000000000e+00,0.000000000000000000e+00,0.000000000000000000e+00
3.670893899841018992e-01,1.314735184488166508e+00,-2.731406333753589877e-01,-7.276700848070412064e-01,1.886333149339880944e+00,5.404629697116543063e-01,0.000000000000000000e+00,0.000000000000000000e+00,1.000000000000000000e+00,0.000000000000000000e+00,1.000000000000000000e+00,0.000000000000000000e+00,1.000000000000000000e+00,0.000000000000000000e+00,0.000000000000000000e+00,1.000000000000000000e+00,0.000000000000000000e+00,1.000000000000000000e+00
3.670893899841018992e-01,-2.085622214018774956e-01,9.158392416185213714e-01,8.173782970285409233e-01,-8.141634359064574555e-01,5.404629697116543063e-01,0.000000000000000000e+00,0.000000000000000000e+00,1.000000000000000000e+00,0.000000000000000000e+00,1.000000000000000000e+00,0.000000000000000000e+00,0.000000000000000000e+00,0.000000000000000000e+00,0.000000000000000000e+00,0.000000000000000000e+00,0.000000000000000000e+00,0.000000000000000000e+00
1.004665698903858040e+00,-1.949473542419070560e+00,9.341312396953502795e-01,-6.504176657152620500e-01,8.600209250898868674e-02,5.404629697116543063e-01,0.000000000000000000e+00,0.000000000000000000e+00,1.000000000000000000e+00,1.000000000000000000e+00,0.000000000000000000e+00,0.000000000000000000e+00,0.000000000000000000e+00,0.000000000000000000e+00,0.000000000000000000e+00,1.000000000000000000e+00,0.000000000000000000e+00,1.000000000000000000e+00
2.608266718308092091e-01,-9.975526383830292387e-02,1.475753223917063706e-01,1.010509344757988703e+00,-8.141634359064574555e-01,-9.182866198341532726e-01,0.000000000000000000e+00,1.000000000000000000e+00,0.000000000000000000e+00,1.000000000000000000e+00,0.000000000000000000e+00,1.000000000000000000e+00,0.000000000000000000e+00,0.000000000000000000e+00,1.000000000000000000e+00,0.000000000000000000e+00,0.000000000000000000e+00,0.000000000000000000e+00
4.830123552422381505e-02,-9.975526383830292387e-02,3.659638953142860807e+00,-4.959128275317038481e-01,8.600209250898868674e-02,5.404629697116543063e-01,0.000000000000000000e+00,0.000000000000000000e+00,1.000000000000000000e+00,0.000000000000000000e+00,0.000000000000000000e+00,1.000000000000000000e+00,0.000000000000000000e+00,0.000000000000000000e+00,0.000000000000000000e+00,1.000000000000000000e+00,1.000000000000000000e+00,1.000000000000000000e+00
-2.289478563848215575e+00,-7.525970092197503680e-01,2.982835024300190430e+00,-3.027817798022561235e-01,-8.141634359064574555e-01,5.404629697116543063e-01,0.000000000000000000e+00,0.000000000000000000e+00,1.000000000000000000e+00,0.000000000000000000e+00,0.000000000000000000e+00,1.000000000000000000e+00,0.000000000000000000e+00,0.000000000000000000e+00,0.000000000000000000e+00,1.000000000000000000e+00,0.000000000000000000e+00,0.000000000000000000e+00
6.858775444439799696e-01,4.442795239795698792e-01,-1.633886449143854280e-01,6.628734588449827214e-01,1.886333149339880944e+00,-9.182866198341532726e-01,0.000000000000000000e+00,1.000000000000000000e+00,0.000000000000000000e+00,0.000000000000000000e+00,1.000000000000000000e+00,1.000000000000000000e+00,0.000000000000000000e+00,0.000000000000000000e+00,0.000000000000000000e+00,1.000000000000000000e+00,0.000000000000000000e+00,0.000000000000000000e+00
2.279818316743370321e+00,1.532349099615315513e+00,9.798612348874226052e-01,-9.980535516282680319e-01,9.861676209244346625e-01,-9.182866198341532726e-01,0.000000000000000000e+00,0.000000000000000000e+00,1.000000000000000000e+00,0.000000000000000000e+00,0.000000000000000000e+00,0.000000000000000000e+00,1.000000000000000000e+00,0.000000000000000000e+00,1.000000000000000000e+00,1.000000000000000000e+00,1.000000000000000000e+00,1.000000000000000000e+00
-1.333114100468581142e+00,-9.975526383830292387e-02,-2.822866324137734417e-01,-3.027817798022561235e-01,9.861676209244346625e-01,5.404629697116543063e-01,0.000000000000000000e+00,0.000000000000000000e+00,1.000000000000000000e+00,1.000000000000000000e+00,0.000000000000000000e+00,1.000000000000000000e+00,0.000000000000000000e+00,0.000000000000000000e+00,0.000000000000000000e+00,1.000000000000000000e+00,0.000000000000000000e+00,0.000000000000000000e+00
1.110928417057150730e+00,-9.975526383830292387e-02,1.841593185453642145e-01,-3.800341988940352245e-01,-3.640806716987343705e-01,-9.182866198341532726e-01,0.000000000000000000e+00,0.000000000000000000e+00,1.000000000000000000e+00,1.000000000000000000e+00,0.000000000000000000e+00,1.000000000000000000e+00,0.000000000000000000e+00,0.000000000000000000e+00,0.000000000000000000e+00,1.000000000000000000e+00,0.000000000000000000e+00,0.000000000000000000e+00
3.670893899841018992e-01,9.883143117974426684e-01,4.768312877746270773e-01,-1.770577742546059152e+00,1.886333149339880944e+00,5.404629697116543063e-01,0.000000000000000000e+00,0.000000000000000000e+00,1.000000000000000000e+00,0.000000000000000000e+00,0.000000000000000000e+00,1.000000000000000000e+00,0.000000000000000000e+00,0.000000000000000000e+00,0.000000000000000000e+00,1.000000000000000000e+00,0.000000000000000000e+00,1.000000000000000000e+00
1.545639536775164913e-01,-6.437900516561757547e-01,6.140212733508439991e-01,8.348031565663945053e-02,-8.141634359064574555e-01,-9.182866198341532726e-01,0.000000000000000000e+00,0.000000000000000000e+00,1.000000000000000000e+00,0.000000000000000000e+00,0.000000000000000000e+00,1.000000000000000000e+00,0.000000000000000000e+00,0.000000000000000000e+00,0.000000000000000000e+00,1.000000000000000000e+00,0.000000000000000000e+00,0.000000000000000000e+00
1.642242007823614180e+00,-9.975526383830292387e-02,-1.855398467021061260e+00,-3.414079893481456462e-01,8.600209250898868674e-02,5.404629697116543063e-01,0.000000000000000000e+00,0.000000000000000000e+00,1.000000000000000000e+00,1.000000000000000000e+00,0.000000000000000000e+00,1.000000000000000000e+00,0.000000000000000000e+00,1.000000000000000000e+00,0.000000000000000000e+00,1.000000000000000000e+00,1.000000000000000000e+00,0.000000000000000000e+00
4.733521081373945893e-01,4.442795239795698792e-01,-2.182646391448722079e-01,8.560045065744305015e-01,-8.141634359064574555e-01,-9.182866198341532726e-01,0.000000000000000000e+00,1.000000000000000000e+00,0.000000000000000000e+00,0.000000000000000000e+00,0.000000000000000000e+00,1.000000000000000000e+00,0.000000000000000000e+00,0.000000000000000000e+00,0.000000000000000000e+00,1.000000000000000000e+00,0.000000000000000000e+00,0.000000000000000000e+00
1.004665698903858040e+00,4.442795239795698792e-01,-1.855398467021061260e+00,4.311162015696454186e-01,9.861676209244346625e-01,5.404629697116543063e-01,0.000000000000000000e+00,0.000000000000000000e+00,1.000000000000000000e+00,0.000000000000000000e+00,1.000000000000000000e+00,0.000000000000000000e+00,0.000000000000000000e+00,0.000000000000000000e+00,0.000000000000000000e+00,1.000000000000000000e+00,0.000000000000000000e+00,0.000000000000000000e+00
-1.120588664161995762e+00,9.883143117974426684e-01,4.036632954673113338e-01,1.280892811579215529e+00,5.360848567167117995e-01,-9.182866198341532726e-01,0.000000000000000000e+00,0.000000000000000000e+00,1.000000000000000000e+00,0.000000000000000000e+00,0.000000000000000000e+00,0.000000000000000000e+00,0.000000000000000000e+00,0.000000000000000000e+00,0.000000000000000000e+00,1.000000000000000000e+00,0.000000000000000000e+00,0.000000000000000000e+00
3.670893899841018992e-01,9.883143117974426684e-01,-7.030025881808388277e-01,1.358145230670994685e+00,-6.341303302233681771e-01,5.404629697116543063e-01,0.000000000000000000e+00,1.000000000000000000e+00,0.000000000000000000e+00,0.000000000000000000e+00,0.000000000000000000e+00,0.000000000000000000e+00,0.000000000000000000e+00,0.000000000000000000e+00,1.000000000000000000e+00,1.000000000000000000e+00,1.000000000000000000e+00,0.000000000000000000e+00
8.984029807505653498e-01,1.423542142051740900e+00,6.526133104597618695e-02,-9.980535516282680319e-01,1.886333149339880944e+00,5.404629697116543063e-01,0.000000000000000000e+00,0.000000000000000000e+00,1.000000000000000000e+00,0.000000000000000000e+00,0.000000000000000000e+00,0.000000000000000000e+00,1.000000000000000000e+00,0.000000000000000000e+00,0.000000000000000000e+00,1.000000000000000000e+00,1.000000000000000000e+00,1.000000000000000000e+00
1.429716571517028800e+00,7.162969178885063570e-01,-1.855398467021061260e+00,-4.959128275317038481e-01,-8.141634359064574555e-01,5.404629697116543063e-01,0.000000000000000000e+00,0.000000000000000000e+00,0.000000000000000000e+00,0.000000000000000000e+00,1.000000000000000000e+00,1.000000000000000000e+00,0.000000000000000000e+00,0.000000000000000000e+00,0.000000000000000000e+00,1.000000000000000000e+00,0.000000000000000000e+00,0.000000000000000000e+00
8.984029807505653498e-01,-6.437900516561757547e-01,1.567213214301208246e-01,-2.002334999821396622e+00,-8.141634359064574555e-01,-9.182866198341532726e-01,0.000000000000000000e+00,0.000000000000000000e+00,1.000000000000000000e+00,1.000000000000000000e+00,0.000000000000000000e+00,1.000000000000000000e+00,0.000000000000000000e+00,0.000000000000000000e+00,0.000000000000000000e+00,1.000000000000000000e+00,0.000000000000000000e+00,0.000000000000000000e+00
-9.080632278554103820e-01,3.354725664159953213e-01,3.030573060447522282e-01,5.469948302073140978e-01,-6.341303302233681771e-01,-9.182866198341532726e-01,0.000000000000000000e+00,0.000000000000000000e+00,1.000000000000000000e+00,0.000000000000000000e+00,1.000000000000000000e+00,1.000000000000000000e+00,0.000000000000000000e+00,0.000000000000000000e+00,0.000000000000000000e+00,0.000000000000000000e+00,0.000000000000000000e+00,1.000000000000000000e+00
5.796148262906872795e-01,1.532349099615315513e+00,6.414592704660874167e-01,-4.959128275317038481e-01,-8.141634359064574555e-01,-9.182866198341532726e-01,0.000000000000000000e+00,0.000000000000000000e+00,0.000000000000000000e+00,0.000000000000000000e+00,1.000000000000000000e+00,0.000000000000000000e+00,0.000000000000000000e+00,0.000000000000000000e+00,0.000000000000000000e+00,1.000000000000000000e+00,0.000000000000000000e+00,0.000000000000000000e+00
3.670893899841018992e-01,9.883143117974426684e-01,6.688972675813308344e-01,-9.980535516282680319e-01,-2.740641188571897868e-01,5.404629697116543063e-01,0.000000000000000000e+00,0.000000000000000000e+00,1.000000000000000000e+00,0.000000000000000000e+00,1.000000000000000000e+00,1.000000000000000000e+00,0.000000000000000000e+00,1.000000000000000000e+00,0.000000000000000000e+00,1.000000000000000000e+00,0.000000000000000000e+00,1.000000000000000000e+00
-3.767496370889469315e-01,4.442795239795698792e-01,2.573273108526799580e-01,8.348031565663945053e-02,3.686664206170773728e+00,5.404629697116543063e-01,0.000000000000000000e+00,0.000000000000000000e+00,1.000000000000000000e+00,1.000000000000000000e+00,0.000000000000000000e+00,1.000000000000000000e+00,0.000000000000000000e+00,0.000000000000000000e+00,0.000000000000000000e+00,1.000000000000000000e+00,0.000000000000000000e+00,1.000000000000000000e+00
-1.333114100468581142e+00,-1.187824839474048488e+00,2.939113070063377742e-01,5.856210397532036760e-01,-8.141634359064574555e-01,-9.182866198341532726e-01,1.000000000000000000e+00,0.000000000000000000e+00,0.000000000000000000e+00,0.000000000000000000e+00,0.000000000000000000e+00,0.000000000000000000e+00,0.000000000000000000e+00,0.000000000000000000e+00,0.000000000000000000e+00,1.000000000000000000e+00,0.000000000000000000e+00,0.000000000000000000e+00
-1.642242007823615790e-01,2.076383887433188580e+00,1.475753223917063706e-01,-4.572866179858143254e-01,5.360848567167117995e-01,5.404629697116543063e-01,0.000000000000000000e+00,0.000000000000000000e+00,1.000000000000000000e+00,0.000000000000000000e+00,0.000000000000000000e+00,1.000000000000000000e+00,0.000000000000000000e+00,0.000000000000000000e+00,0.000000000000000000e+00,1.000000000000000000e+00,0.000000000000000000e+00,1.000000000000000000e+00
1.545639536775164913e-01,-9.975526383830292387e-02,5.408532810435283666e-01,6.628734588449827214e-01,-8.141634359064574555e-01,-9.182866198341532726e-01,1.000000000000000000e+00,0.000000000000000000e+00,0.000000000000000000e+00,0.000000000000000000e+00,0.000000000000000000e+00,0.000000000000000000e+00,0.000000000000000000e+00,0.000000000000000000e+00,0.000000000000000000e+00,1.000000000000000000e+00,0.000000000000000000e+00,0.000000000000000000e+00
-1.014325946008703072e+00,1.722621300706334846e-01,2.635287060840440621e+00,-1.096507320728083296e-01,-8.141634359064574555e-01,5.404629697116543063e-01,0.000000000000000000e+00,0.000000000000000000e+00,1.000000000000000000e+00,0.000000000000000000e+00,0.000000000000000000e+00,1.000000000000000000e+00,0.000000000000000000e+00,0.000000000000000000e+00,0.000000000000000000e+00,1.000000000000000000e+00,0.000000000000000000e+00,0.000000000000000000e+00
-1.970690409388337283e+00,4.442795239795698792e-01,-3.280166276058457675e-01,4.697424111155349968e-01,-8.141634359064574555e-01,-9.182866198341532726e-01,0.000000000000000000e+00,0.000000000000000000e+00,1.000000000000000000e+00,0.000000000000000000e+00,0.000000000000000000e+00,1.000000000000000000e+00,0.000000000000000000e+00,0.000000000000000000e+00,0.000000000000000000e+00,0.000000000000000000e+00,0.000000000000000000e+00,0.000000000000000000e+00
1.854767444130199561e+00,1.532349099615315513e+00,9.066932425801068618e-01,9.332569256662096580e-01,-4.540972245402789542e-01,1.999212559257461885e+00,1.000000000000000000e+00,0.000000000000000000e+00,0.000000000000000000e+00,0.000000000000000000e+00,0.000000000000000000e+00,0.000000000000000000e+00,0.000000000000000000e+00,0.000000000000000000e+00,0.000000000000000000e+00,0.000000000000000000e+00,0.000000000000000000e+00,0.000000000000000000e+00
-1.120588664161995762e+00,-6.437900516561757547e-01,1.109913262380484988e-01,1.435397649762773842e+00,-8.141634359064574555e-01,-9.182866198341532726e-01,1.000000000000000000e+00,0.000000000000000000e+00,0.000000000000000000e+00,1.000000000000000000e+00,0.000000000000000000e+00,1.000000000000000000e+00,0.000000000000000000e+00,0.000000000000000000e+00,0.000000000000000000e+00,0.000000000000000000e+00,0.000000000000000000e+00,0.000000000000000000e+00
8.984029807505653498e-01,9.883143117974426684e-01,-1.855398467021061260e+00,-2.311344676188512803e+00,9.861676209244346625e-01,5.404629697116543063e-01,0.000000000000000000e+00,0.000000000000000000e+00,1.000000000000000000e+00,1.000000000000000000e+00,0.000000000000000000e+00,1.000000000000000000e+00,0.000000000000000000e+00,0.000000000000000000e+00,1.000000000000000000e+00,1.000000000000000000e+00,0.000000000000000000e+00,0.000000000000000000e+00
-8.018005097021176919e-01,-1.187824839474048488e+00,3.396413021984100999e-01,8.348031565663945053e-02,-8.141634359064574555e-01,-9.182866198341532726e-01,0.000000000000000000e+00,0.000000000000000000e+00,1.000000000000000000e+00,1.000000000000000000e+00,0.000000000000000000e+00,1.000000000000000000e+00,0.000000000000000000e+00,0.000000000000000000e+00,0.000000000000000000e+00,1.000000000000000000e+00,0.000000000000000000e+00,0.000000000000000000e+00
-2.704869189356542414e-01,-9.975526383830292387e-02,1.933053175837786686e-01,4.697424111155349968e-01,-8.141634359064574555e-01,-9.182866198341532726e-01,1.000000000000000000e+00,0.000000000000000000e+00,0.000000000000000000e+00,0.000000000000000000e+00,0.000000000000000000e+00,1.000000000000000000e+00,0.000000000000000000e+00,0.000000000000000000e+00,0.000000000000000000e+00,1.000000000000000000e+00,0.000000000000000000e+00,0.000000000000000000e+00
4.733521081373945893e-01,-9.702109243468994837e-01,1.053029227194738349e+00,8.348031565663945053e-02,3.146564889121505892e+00,3.457962148803269908e+00,0.000000000000000000e+00,0.000000000000000000e+00,1.000000000000000000e+00,1.000000000000000000e+00,0.000000000000000000e+00,0.000000000000000000e+00,1.000000000000000000e+00,1.000000000000000000e+00,0.000000000000000000e+00,1.000000000000000000e+00,0.000000000000000000e+00,0.000000000000000000e+00
8.984029807505653498e-01,-4.261761365290266390e-01,5.611533200756171902e-02,9.718831352120992362e-01,-8.141634359064574555e-01,-9.182866198341532726e-01,0.000000000000000000e+00,0.000000000000000000e+00,1.000000000000000000e+00,0.000000000000000000e+00,0.000000000000000000e+00,0.000000000000000000e+00,0.000000000000000000e+00,0.000000000000000000e+00,0.000000000000000000e+00,0.000000000000000000e+00,0.000000000000000000e+00,0.000000000000000000e+00
-1.120588664161995762e+00,-6.437900516561757547e-01,4.219552935441402974e-01,1.474023859308663420e+00,-8.141634359064574555e-01,-9.182866198341532726e-01,1.000000000000000000e+00,0.000000000000000000e+00,0.000000000000000000e+00,1.000000000000000000e+00,0.000000000000000000e+00,1.000000000000000000e+00,0.000000000000000000e+00,0.000000000000000000e+00,0.000000000000000000e+00,0.000000000000000000e+00,0.000000000000000000e+00,0.000000000000000000e+00
4.830123552422381505e-02,-9.975526383830292387e-02,3.579333002752390636e-01,-1.809203952091948731e+00,8.600209250898868674e-02,5.404629697116543063e-01,0.000000000000000000e+00,0.000000000000000000e+00,1.000000000000000000e+00,0.000000000000000000e+00,0.000000000000000000e+00,1.000000000000000000e+00,0.000000000000000000e+00,0.000000000000000000e+00,0.000000000000000000e+00,1.000000000000000000e+00,0.000000000000000000e+00,1.000000000000000000e+00
1.429716571517028800e+00,-6.437900516561757547e-01,2.390353127758509943e-01,-3.414079893481456462e-01,1.526266937973702387e+00,1.999212559257461885e+00,0.000000000000000000e+00,0.000000000000000000e+00,1.000000000000000000e+00,0.000000000000000000e+00,1.000000000000000000e+00,1.000000000000000000e+00,0.000000000000000000e+00,0.000000000000000000e+00,1.000000000000000000e+00,1.000000000000000000e+00,0.000000000000000000e+00,1.000000000000000000e+00
1.004665698903858040e+00,9.883143117974426684e-01,1.867023141613625592e+00,6.242472492990932542e-01,2.786498677755326892e+00,3.457962148803269908e+00,0.000000000000000000e+00,0.000000000000000000e+00,1.000000000000000000e+00,0.000000000000000000e+00,1.000000000000000000e+00,1.000000000000000000e+00,0.000000000000000000e+00,0.000000000000000000e+00,1.000000000000000000e+00,0.000000000000000000e+00,0.000000000000000000e+00,0.000000000000000000e+00
2.608266718308092091e-01,-3.717726577472393323e-01,4.219552935441402974e-01,2.379851538401976663e-01,2.660351981920778819e-01,5.404629697116543063e-01,0.000000000000000000e+00,0.000000000000000000e+00,1.000000000000000000e+00,0.000000000000000000e+00,1.000000000000000000e+00,1.000000000000000000e+00,0.000000000000000000e+00,0.000000000000000000e+00,0.000000000000000000e+00,1.000000000000000000e+00,1.000000000000000000e+00,1.000000000000000000e+00
-1.439376818621873833e+00,-2.003877021200857644e+00,-1.855398467021061260e+00,2.379851538401976663e-01,-8.141634359064574555e-01,5.404629697116543063e-01,0.000000000000000000e+00,0.000000000000000000e+00,1.000000000000000000e+00,1.000000000000000000e+00,0.000000000000000000e+00,0.000000000000000000e+00,0.000000000000000000e+00,0.000000000000000000e+00,0.000000000000000000e+00,1.000000000000000000e+00,0.000000000000000000e+00,0.000000000000000000e+00
2.608266718308092091e-01,-9.975526383830292387e-02,6.688972675813308344e-01,-3.800341988940352245e-01,8.600209250898868674e-02,-9.182866198341532726e-01,0.000000000000000000e+00,1.000000000000000000e+00,0.000000000000000000e+00,0.000000000000000000e+00,0.000000000000000000e+00,0.000000000000000000e+00,0.000000000000000000e+00,1.000000000000000000e+00,0.000000000000000000e+00,1.000000000000000000e+00,0.000000000000000000e+00,1.000000000000000000e+00
-2.076953127541630195e+00,-9.975526383830292387e-02,-3.828926218363325473e-01,2.014790792951117293e+00,-8.141634359064574555e-01,-9.182866198341532726e-01,1.000000000000000000e+00,0.000000000000000000e+00,0.000000000000000000e+00,0.000000000000000000e+00,0.000000000000000000e+00,1.000000000000000000e+00,0.000000000000000000e+00,0.000000000000000000e+00,0.000000000000000000e+00,0.000000000000000000e+00,0.000000000000000000e+00,0.000000000000000000e+00
6.858775444439799696e-01,-1.623052669728346942e+00,1.053029227194738349e+00,8.560045065744305015e-01,-8.141634359064574555e-01,5.404629697116543063e-01,0.000000000000000000e+00,1.000000000000000000e+00,0.000000000000000000e+00,0.000000000000000000e+00,0.000000000000000000e+00,0.000000000000000000e+00,0.000000000000000000e+00,0.000000000000000000e+00,0.000000000000000000e+00,0.000000000000000000e+00,0.000000000000000000e+00,0.000000000000000000e+00
-1.120588664161995762e+00,9.883143117974426684e-01,-1.542426458759709462e-01,6.242472492990932542e-01,-8.141634359064574555e-01,-9.182866198341532726e-01,1.000000000000000000e+00,0.000000000000000000e+00,0.000000000000000000e+00,0.000000000000000000e+00,0.000000000000000000e+00,1.000000000000000000e+00,0.000000000000000000e+00,0.000000000000000000e+00,0.000000000000000000e+00,0.000000000000000000e+00,0.000000000000000000e+00,0.000000000000000000e+00
-6.955377915488250018e-01,-1.187824839474048488e+00,-1.855398467021061260e+00,4.311162015696454186e-01,1.076184173765979413e+00,5.404629697116543063e-01,0.000000000000000000e+00,0.000000000000000000e+00,1.000000000000000000e+00,1.000000000000000000e+00,0.000000000000000000e+00,0.000000000000000000e+00,0.000000000000000000e+00,0.000000000000000000e+00,0.000000000000000000e+00,1.000000000000000000e+00,0.000000000000000000e+00,0.000000000000000000e+00
-1.439376818621873833e+00,-9.975526383830292387e-02,1.109913262380484988e-01,6.227896564860336583e-03,-8.141634359064574555e-01,-9.182866198341532726e-01,0.000000000000000000e+00,1.000000000000000000e+00,0.000000000000000000e+00,0.000000000000000000e+00,0.000000000000000000e+00,1.000000000000000000e+00,0.000000000000000000e+00,0.000000000000000000e+00,0.000000000000000000e+00,1.000000000000000000e+00,0.000000000000000000e+00,0.000000000000000000e+00
7.921402625972726597e-01,-9.975526383830292387e-02,-1.855398467021061260e+00,-2.002334999821396622e+00,5.360848567167117995e-01,5.404629697116543063e-01,0.000000000000000000e+00,0.000000000000000000e+00,1.000000000000000000e+00,1.000000000000000000e+00,0.000000000000000000e+00,1.000000000000000000e+00,0.000000000000000000e+00,0.000000000000000000e+00,1.000000000000000000e+00,1.000000000000000000e+00,1.000000000000000000e+00,0.000000000000000000e+00
1.323453853363736110e+00,9.883143117974426684e-01,-1.855398467021061260e+00,-1.152558389811826345e+00,9.861676209244346625e-01,5.404629697116543063e-01,0.000000000000000000e+00,0.000000000000000000e+00,1.000000000000000000e+00,0.000000000000000000e+00,0.000000000000000000e+00,1.000000000000000000e+00,0.000000000000000000e+00,0.000000000000000000e+00,1.000000000000000000e+00,1.000000000000000000e+00,0.000000000000000000e+00,1.000000000000000000e+00
-5.796148262906887505e-02,1.205928226924591895e+00,-1.855398467021061260e+00,8.348031565663945053e-02,5.360848567167117995e-01,5.404629697116543063e-01,0.000000000000000000e+00,0.000000000000000000e+00,1.000000000000000000e+00,1.000000000000000000e+00,0.000000000000000000e+00,1.000000000000000000e+00,0.000000000000000000e+00,0.000000000000000000e+00,0.000000000000000000e+00,1.000000000000000000e+00,0.000000000000000000e+00,1.000000000000000000e+00
-1.642242007823615790e-01,-3.717726577472393323e-01,6.323132714276729072e-01,4.485410611074989312e-02,-8.141634359064574555e-01,-9.182866198341532726e-01,0.000000000000000000e+00,1.000000000000000000e+00,0.000000000000000000e+00,0.000000000000000000e+00,0.000000000000000000e+00,1.000000000000000000e+00,0.000000000000000000e+00,0.000000000000000000e+00,0.000000000000000000e+00,0.000000000000000000e+00,0.000000000000000000e+00,0.000000000000000000e+00
6.858775444439799696e-01,-9.158074455651121770e-01,-1.855398467021061260e+00,1.993589442943081158e-01,1.346233832290613108e+00,5.404629697116543063e-01,0.000000000000000000e+00,1.000000000000000000e+00,0.000000000000000000e+00,0.000000000000000000e+00,0.000000000000000000e+00,0.000000000000000000e+00,0.000000000000000000e+00,0.000000000000000000e+00,0.000000000000000000e+00,1.000000000000000000e+00,0.000000000000000000e+00,0.000000000000000000e+00
-4.830123552422396216e-01,-9.975526383830292387e-02,-1.855398467021061260e+00,2.766113633860872167e-01,1.886333149339880944e+00,5.404629697116543063e-01,0.000000000000000000e+00,0.000000000000000000e+00,0.000000000000000000e+00,1.000000000000000000e+00,0.000000000000000000e+00,1.000000000000000000e+00,0.000000000000000000e+00,0.000000000000000000e+00,0.000000000000000000e+00,1.000000000000000000e+00,0.000000000000000000e+00,0.000000000000000000e+00
4.830123552422381505e-02,-6.437900516561757547e-01,-1.855398467021061260e+00,6.628734588449827214e-01,-8.141634359064574555e-01,5.404629697116543063e-01,0.000000000000000000e+00,0.000000000000000000e+00,1.000000000000000000e+00,0.000000000000000000e+00,0.000000000000000000e+00,1.000000000000000000e+00,0.000000000000000000e+00,0.000000000000000000e+00,1.000000000000000000e+00,1.000000000000000000e+00,0.000000000000000000e+00,0.000000000000000000e+00
7.921402625972726597e-01,1.532349099615315513e+00,-1.855398467021061260e+00,2.766113633860872167e-01,8.600209250898868674e-02,5.404629697116543063e-01,0.000000000000000000e+00,0.000000000000000000e+00,1.000000000000000000e+00,1.000000000000000000e+00,0.000000000000000000e+00,1.000000000000000000e+00,0.000000000000000000e+00,0.000000000000000000e+00,1.000000000000000000e+00,1.000000000000000000e+00,1.000000000000000000e+00,0.000000000000000000e+00
-5.796148262906887505e-02,6.618934391067190504e-01,8.884012445032779537e-01,-3.800341988940352245e-01,5.360848567167117995e-01,5.404629697116543063e-01,0.000000000000000000e+00,0.000000000000000000e+00,1.000000000000000000e+00,1.000000000000000000e+00,0.000000000000000000e+00,1.000000000000000000e+00,0.000000000000000000e+00,0.000000000000000000e+00,0.000000000000000000e+00,1.000000000000000000e+00,1.000000000000000000e+00,1.000000000000000000e+00
-1.545639536775166523e+00,4.442795239795698792e-01,1.080467224309981766e+00,1.705781116584000667e+00,-8.141634359064574555e-01,-9.182866198341532726e-01,0.000000000000000000e+00,1.000000000000000000e+00,0.000000000000000000e+00,0.000000000000000000e+00,1.000000000000000000e+00,0.000000000000000000e+00,0.000000000000000000e+00,0.000000000000000000e+00,0.000000000000000000e+00,1.000000000000000000e+00,0.000000000000000000e+00,0.000000000000000000e+00
-8.018005097021176919e-01,-6.437900516561757547e-01,4.219552935441402974e-01,2.379851538401976663e-01,-9.403101317410050841e-02,-9.182866198341532726e-01,0.000000000000000000e+00,0.000000000000000000e+00,1.000000000000000000e+00,0.000000000000000000e+00,1.000000000000000000e+00,0.000000000000000000e+00,0.000000000000000000e+00,0.000000000000000000e+00,1.000000000000000000e+00,1.000000000000000000e+00,0.000000000000000000e+00,0.000000000000000000e+00
-2.704869189356542414e-01,1.722621300706334846e-01,-3.920386208747470014e-01,4.697424111155349968e-01,9.861676209244346625e-01,5.404629697116543063e-01,0.000000000000000000e+00,1.000000000000000000e+00,0.000000000000000000e+00,0.000000000000000000e+00,0.000000000000000000e+00,1.000000000000000000e+00,0.000000000000000000e+00,0.000000000000000000e+00,0.000000000000000000e+00,1.000000000000000000e+00,0.000000000000000000e+00,0.000000000000000000e+00
4.830123552422381505e-02,-6.437900516561757547e-01,6.414592704660874167e-01,4.697424111155349968e-01,5.360848567167117995e-01,-9.182866198341532726e-01,1.000000000000000000e+00,0.000000000000000000e+00,0.000000000000000000e+00,0.000000000000000000e+00,0.000000000000000000e+00,1.000000000000000000e+00,0.000000000000000000e+00,0.000000000000000000e+00,0.000000000000000000e+00,0.000000000000000000e+00,0.000000000000000000e+00,0.000000000000000000e+00
-8.018005097021176919e-01,-1.187824839474048488e+00,3.213493041215811918e-01,8.348031565663945053e-02,8.600209250898868674e-02,-9.182866198341532726e-01,0.000000000000000000e+00,0.000000000000000000e+00,1.000000000000000000e+00,1.000000000000000000e+00,0.000000000000000000e+00,1.000000000000000000e+00,0.000000000000000000e+00,0.000000000000000000e+00,0.000000000000000000e+00,1.000000000000000000e+00,0.000000000000000000e+00,1.000000000000000000e+00
-1.439376818621873833e+00,4.442795239795698792e-01,7.877952550807189036e-01,1.319519021125105107e+00,-8.141634359064574555e-01,-9.182866198341532726e-01,1.000000000000000000e+00,0.000000000000000000e+00,0.000000000000000000e+00,0.000000000000000000e+00,0.000000000000000000e+00,1.000000000000000000e+00,0.000000000000000000e+00,0.000000000000000000e+00,0.000000000000000000e+00,1.000000000000000000e+00,0.000000000000000000e+00,0.000000000000000000e+00
-1.120588664161995762e+00,-6.437900516561757547e-01,-2.365566372217011437e-01,-6.890438752611516282e-01,1.436250385132157747e+00,-9.182866198341532726e-01,0.000000000000000000e+00,0.000000000000000000e+00,1.000000000000000000e+00,0.000000000000000000e+00,1.000000000000000000e+00,1.000000000000000000e+00,0.000000000000000000e+00,0.000000000000000000e+00,1.000000000000000000e+00,1.000000000000000000e+00,0.000000000000000000e+00,1.000000000000000000e+00
-1.120588664161995762e+00,-6.437900516561757547e-01,-2.548486352985300796e-01,-6.890438752611516282e-01,8.600209250898868674e-02,5.404629697116543063e-01,0.000000000000000000e+00,0.000000000000000000e+00,1.000000000000000000e+00,0.000000000000000000e+00,0.000000000000000000e+00,1.000000000000000000e+00,0.000000000000000000e+00,0.000000000000000000e+00,1.000000000000000000e+00,1.000000000000000000e+00,0.000000000000000000e+00,1.000000000000000000e+00
1.545639536775164913e-01,9.883143117974426684e-01,-3.920386208747470014e-01,4.697424111155349968e-01,-8.141634359064574555e-01,-9.182866198341532726e-01,0.000000000000000000e+00,0.000000000000000000e+00,1.000000000000000000e+00,1.000000000000000000e+00,0.000000000000000000e+00,1.000000000000000000e+00,0.000000000000000000e+00,0.000000000000000000e+00,0.000000000000000000e+00,1.000000000000000000e+00,0.000000000000000000e+00,0.000000000000000000e+00
-9.080632278554103820e-01,-9.975526383830292387e-02,1.475753223917063706e-01,-3.027817798022561235e-01,8.600209250898868674e-02,5.404629697116543063e-01,0.000000000000000000e+00,0.000000000000000000e+00,1.000000000000000000e+00,1.000000000000000000e+00,0.000000000000000000e+00,1.000000000000000000e+00,0.000000000000000000e+00,0.000000000000000000e+00,0.000000000000000000e+00,1.000000000000000000e+00,0.000000000000000000e+00,1.000000000000000000e+00
5.796148262906872795e-01,-1.187824839474048488e+00,3.304953031599956459e-01,1.607327347484185653e-01,2.660351981920778819e-01,5.404629697116543063e-01,0.000000000000000000e+00,0.000000000000000000e+00,1.000000000000000000e+00,0.000000000000000000e+00,1.000000000000000000e+00,1.000000000000000000e+00,0.000000000000000000e+00,0.000000000000000000e+00,1.000000000000000000e+00,1.000000000000000000e+00,0.000000000000000000e+00,1.000000000000000000e+00
-1.970690409388337283e+00,3.354725664159953213e-01,-1.816806429912143639e-01,1.705781116584000667e+00,4.460683038751670493e-01,-9.182866198341532726e-01,0.000000000000000000e+00,0.000000000000000000e+00,1.000000000000000000e+00,0.000000000000000000e+00,0.000000000000000000e+00,0.000000000000000000e+00,0.000000000000000000e+00,0.000000000000000000e+00,0.000000000000000000e+00,0.000000000000000000e+00,0.000000000000000000e+00,0.000000000000000000e+00
-2.704869189356542414e-01,-3.717726577472393323e-01,-1.359506477991420381e-01,2.766113633860872167e-01,-8.141634359064574555e-01,-9.182866198341532726e-01,1.000000000000000000e+00,0.000000000000000000e+00,0.000000000000000000e+00,0.000000000000000000e+00,0.000000000000000000e+00,1.000000000000000000e+00,0.000000000000000000e+00,0.000000000000000000e+00,0.000000000000000000e+00,1.000000000000000000e+00,0.000000000000000000e+00,0.000000000000000000e+00
4.830123552422381505e-02,-6.437900516561757547e-01,3.213493041215811918e-01,6.242472492990932542e-01,-8.141634359064574555e-01,-9.182866198341532726e-01,1.000000000000000000e+00,0.000000000000000000e+00,0.000000000000000000e+00,0.000000000000000000e+00,0.000000000000000000e+00,1.000000000000000000e+00,0.000000000000000000e+00,0.000000000000000000e+00,0.000000000000000000e+00,1.000000000000000000e+00,0.000000000000000000e+00,0.000000000000000000e+00
4.830123552422381505e-02,9.883143117974426684e-01,1.482891182000218189e+00,-1.482769416186978939e-01,8.600209250898868674e-02,-9.182866198341532726e-01,0.000000000000000000e+00,0.000000000000000000e+00,1.000000000000000000e+00,1.000000000000000000e+00,0.000000000000000000e+00,0.000000000000000000e+00,0.000000000000000000e+00,0.000000000000000000e+00,0.000000000000000000e+00,1.000000000000000000e+00,0.000000000000000000e+00,0.000000000000000000e+00
1.217191135210443420e+00,-1.187824839474048488e+00,4.128092945057258434e-01,7.787520874826514561e-01,-2.740641188571897868e-01,1.999212559257461885e+00,0.000000000000000000e+00,0.000000000000000000e+00,1.000000000000000000e+00,0.000000000000000000e+00,1.000000000000000000e+00,0.000000000000000000e+00,0.000000000000000000e+00,1.000000000000000000e+00,0.000000000000000000e+00,1.000000000000000000e+00,0.000000000000000000e+00,0.000000000000000000e+00
-1.014325946008703072e+00,-9.975526383830292387e-02,1.109913262380484988e-01,-1.096507320728083296e-01,-8.141634359064574555e-01,-9.182866198341532726e-01,1.000000000000000000e+00,0.000000000000000000e+00,0.000000000000000000e+00,0.000000000000000000e+00,0.000000000000000000e+00,1.000000000000000000e+00,0.000000000000000000e+00,0.000000000000000000e+00,0.000000000000000000e+00,1.000000000000000000e+00,0.000000000000000000e+00,0.000000000000000000e+00
2.608266718308092091e-01,-9.975526383830292387e-02,1.239337777074933124e-03,-1.538820485270721905e+00,5.360848567167117995e-01,5.404629697116543063e-01,0.000000000000000000e+00,0.000000000000000000e+00,1.000000000000000000e+00,0.000000000000000000e+00,0.000000000000000000e+00,1.000000000000000000e+00,0.000000000000000000e+00,0.000000000000000000e+00,1.000000000000000000e+00,1.000000000000000000e+00,1.000000000000000000e+00,0.000000000000000000e+00
-4.830123552422396216e-01,-4.261761365290266390e-01,-1.705266029975399666e-02,1.010509344757988703e+00,-8.141634359064574555e-01,-9.182866198341532726e-01,1.000000000000000000e+00,0.000000000000000000e+00,0.000000000000000000e+00,0.000000000000000000e+00,0.000000000000000000e+00,1.000000000000000000e+00,0.000000000000000000e+00,0.000000000000000000e+00,0.000000000000000000e+00,0.000000000000000000e+00,0.000000000000000000e+00,0.000000000000000000e+00
-2.704869189356542414e-01,-1.187824839474048488e+00,-1.176586497223131023e-01,-6.890438752611516282e-01,-8.141634359064574555e-01,-9.182866198341532726e-01,0.000000000000000000e+00,1.000000000000000000e+00,0.000000000000000000e+00,0.000000000000000000e+00,0.000000000000000000e+00,1.000000000000000000e+00,0.000000000000000000e+00,0.000000000000000000e+00,0.000000000000000000e+00,0.000000000000000000e+00,0.000000000000000000e+00,0.000000000000000000e+00
2.608266718308092091e-01,4.442795239795698792e-01,-1.855398467021061260e+00,-6.504176657152620500e-01,8.061345152413456061e-01,5.404629697116543063e-01,0.000000000000000000e+00,0.000000000000000000e+00,1.000000000000000000e+00,0.000000000000000000e+00,0.000000000000000000e+00,0.000000000000000000e+00,0.000000000000000000e+00,0.000000000000000000e+00,0.000000000000000000e+00,1.000000000000000000e+00,0.000000000000000000e+00,1.000000000000000000e+00
-1.120588664161995762e+00,-6.437900516561757547e-01,5.774372771971861829e-01,-7.662962943529307847e-01,-8.141634359064574555e-01,-9.182866198341532726e-01,1.000000000000000000e+00,0.000000000000000000e+00,0.000000000000000000e+00,0.000000000000000000e+00,0.000000000000000000e+00,1.000000000000000000e+00,0.000000000000000000e+00,0.000000000000000000e+00,0.000000000000000000e+00,0.000000000000000000e+00,0.000000000000000000e+00,0.000000000000000000e+00
4.733521081373945893e-01,-3.717726577472393323e-01,1.567213214301208246e-01,2.379851538401976663e-01,-4.540972245402789542e-01,-9.182866198341532726e-01,1.000000000000000000e+00,0.000000000000000000e+00,0.000000000000000000e+00,0.000000000000000000e+00,0.000000000000000000e+00,1.000000000000000000e+00,0.000000000000000000e+00,0.000000000000000000e+00,1.000000000000000000e+00,1.000000000000000000e+00,0.000000000000000000e+00,0.000000000000000000e+00
4.733521081373945893e-01,2.266656088524207635e-01,-3.554546247210891852e-01,-1.500194275724832327e+00,9.861676209244346625e-01,5.404629697116543063e-01,1.000000000000000000e+00,0.000000000000000000e+00,0.000000000000000000e+00,1.000000000000000000e+00,0.000000000000000000e+00,1.000000000000000000e+00,0.000000000000000000e+00,0.000000000000000000e+00,0.000000000000000000e+00,1.000000000000000000e+00,0.000000000000000000e+00,1.000000000000000000e+00
7.921402625972726597e-01,-9.975526383830292387e-02,8.335252502727912294e-01,-6.890438752611516282e-01,8.600209250898868674e-02,-9.182866198341532726e-01,0.000000000000000000e+00,0.000000000000000000e+00,1.000000000000000000e+00,1.000000000000000000e+00,0.000000000000000000e+00,1.000000000000000000e+00,0.000000000000000000e+00,0.000000000000000000e+00,0.000000000000000000e+00,0.000000000000000000e+00,0.000000000000000000e+00,1.000000000000000000e+00
-1.758164973081751903e+00,-9.975526383830292387e-02,7.329192608502320683e-01,-1.538820485270721905e+00,-8.141634359064574555e-01,-9.182866198341532726e-01,1.000000000000000000e+00,0.000000000000000000e+00,0.000000000000000000e+00,1.000000000000000000e+00,0.000000000000000000e+00,1.000000000000000000e+00,0.000000000000000000e+00,0.000000000000000000e+00,0.000000000000000000e+00,1.000000000000000000e+00,0.000000000000000000e+00,0.000000000000000000e+00
-5.796148262906887505e-02,7.162969178885063570e-01,2.882229034877631157e+00,-3.027817798022561235e-01,-8.141634359064574555e-01,5.404629697116543063e-01,0.000000000000000000e+00,1.000000000000000000e+00,0.000000000000000000e+00,0.000000000000000000e+00,0.000000000000000000e+00,1.000000000000000000e+00,0.000000000000000000e+00,0.000000000000000000e+00,0.000000000000000000e+00,1.000000000000000000e+00,0.000000000000000000e+00,0.000000000000000000e+00
1.110928417057150730e+00,2.076383887433188580e+00,2.207433146990220862e-01,6.628734588449827214e-01,-2.740641188571897868e-01,-9.182866198341532726e-01,0.000000000000000000e+00,0.000000000000000000e+00,0.000000000000000000e+00,0.000000000000000000e+00,1.000000000000000000e+00,1.000000000000000000e+00,0.000000000000000000e+00,0.000000000000000000e+00,1.000000000000000000e+00,1.000000000000000000e+00,0.000000000000000000e+00,0.000000000000000000e+00
6.858775444439799696e-01,-3.717726577472393323e-01,5.042692848898704394e-01,1.221065252025290010e-01,1.706300043656791443e+00,5.404629697116543063e-01,0.000000000000000000e+00,0.000000000000000000e+00,1.000000000000000000e+00,0.000000000000000000e+00,1.000000000000000000e+00,1.000000000000000000e+00,0.000000000000000000e+00,0.000000000000000000e+00,1.000000000000000000e+00,1.000000000000000000e+00,0.000000000000000000e+00,1.000000000000000000e+00
-9.080632278554103820e-01,-1.187824839474048488e+00,5.591452791203572747e-01,-2.255293607104769948e-01,2.660351981920778819e-01,-9.182866198341532726e-01,0.000000000000000000e+00,0.000000000000000000e+00,0.000000000000000000e+00,0.000000000000000000e+00,0.000000000000000000e+00,1.000000000000000000e+00,0.000000000000000000e+00,0.000000000000000000e+00,1.000000000000000000e+00,1.000000000000000000e+00,0.000000000000000000e+00,0.000000000000000000e+00
2.608266718308092091e-01,-6.437900516561757547e-01,-9.022065260706971235e-02,9.332569256662096580e-01,8.961510680828901343e-01,-9.182866198341532726e-01,0.000000000000000000e+00,0.000000000000000000e+00,0.000000000000000000e+00,0.000000000000000000e+00,1.000000000000000000e+00,1.000000000000000000e+00,0.000000000000000000e+00,0.000000000000000000e+00,1.000000000000000000e+00,1.000000000000000000e+00,0.000000000000000000e+00,0.000000000000000000e+00
4.733521081373945893e-01,-9.975526383830292387e-02,-5.363665645341185451e-02,-2.641555702563665453e-01,-2.740641188571897868e-01,-9.182866198341532726e-01,0.000000000000000000e+00,0.000000000000000000e+00,1.000000000000000000e+00,0.000000000000000000e+00,0.000000000000000000e+00,1.000000000000000000e+00,0.000000000000000000e+00,0.000000000000000000e+00,0.000000000000000000e+00,0.000000000000000000e+00,0.000000000000000000e+00,0.000000000000000000e+00
4.733521081373945893e-01,9.051693725271635696e-03,1.933053175837786686e-01,1.358145230670994685e+00,2.066366255022970222e+00,1.999212559257461885e+00,0.000000000000000000e+00,1.000000000000000000e+00,0.000000000000000000e+00,0.000000000000000000e+00,1.000000000000000000e+00,0.000000000000000000e+00,0.000000000000000000e+00,0.000000000000000000e+00,1.000000000000000000e+00,1.000000000000000000e+00,0.000000000000000000e+00,0.000000000000000000e+00
5.796148262906872795e-01,2.076383887433188580e+00,1.126197219502053981e+00,8.348031565663945053e-02,2.246399360706059056e+00,-9.182866198341532726e-01,0.000000000000000000e+00,0.000000000000000000e+00,1.000000000000000000e+00,0.000000000000000000e+00,1.000000000000000000e+00,0.000000000000000000e+00,1.000000000000000000e+00,0.000000000000000000e+00,1.000000000000000000e+00,1.000000000000000000e+00,0.000000000000000000e+00,1.000000000000000000e+00
1.642242007823614180e+00,4.442795239795698792e-01,-1.855398467021061260e+00,-7.662962943529307847e-01,1.436250385132157747e+00,5.404629697116543063e-01,0.000000000000000000e+00,1.000000000000000000e+00,0.000000000000000000e+00,1.000000000000000000e+00,0.000000000000000000e+00,0.000000000000000000e+00,1.000000000000000000e+00,0.000000000000000000e+00,0.000000000000000000e+00,1.000000000000000000e+00,0.000000000000000000e+00,0.000000000000000000e+00
1.004665698903858040e+00,9.883143117974426684e-01,1.841593185453642145e-01,-8.821749229905994083e-01,-8.141634359064574555e-01,5.404629697116543063e-01,0.000000000000000000e+00,0.000000000000000000e+00,1.000000000000000000e+00,0.000000000000000000e+00,0.000000000000000000e+00,1.000000000000000000e+00,0.000000000000000000e+00,0.000000000000000000e+00,0.000000000000000000e+00,1.000000000000000000e+00,0.000000000000000000e+00,0.000000000000000000e+00
-3.767496370889469315e-01,-6.437900516561757547e-01,1.475753223917063706e-01,7.787520874826514561e-01,6.261014095582564387e-01,-9.182866198341532726e-01,0.000000000000000000e+00,1.000000000000000000e+00,0.000000000000000000e+00,0.000000000000000000e+00,0.000000000000000000e+00,1.000000000000000000e+00,0.000000000000000000e+00,0.000000000000000000e+00,0.000000000000000000e+00,0.000000000000000000e+00,0.000000000000000000e+00,0.000000000000000000e+00
-2.704869189356542414e-01,-3.717726577472393323e-01,3.853712973904824257e-01,1.087761763849767860e+00,1.346233832290613108e+00,-9.182866198341532726e-01,0.000000000000000000e+00,1.000000000000000000e+00,0.000000000000000000e+00,0.000000000000000000e+00,1.000000000000000000e+00,1.000000000000000000e+00,0.000000000000000000e+00,0.000000000000000000e+00,0.000000000000000000e+00,1.000000000000000000e+00,1.000000000000000000e+00,0.000000000000000000e+00
1.004665698903858040e+00,1.532349099615315513e+00,5.865832762356006924e-01,-1.925082580729617465e+00,9.861676209244346625e-01,5.404629697116543063e-01,0.000000000000000000e+00,0.000000000000000000e+00,1.000000000000000000e+00,1.000000000000000000e+00,0.000000000000000000e+00,1.000000000000000000e+00,0.000000000000000000e+00,0.000000000000000000e+00,0.000000000000000000e+00,1.000000000000000000e+00,1.000000000000000000e+00,1.000000000000000000e+00
3.670893899841018992e-01,2.620418675251061202e+00,7.512112589270609764e-01,-6.890438752611516282e-01,-9.403101317410050841e-02,5.404629697116543063e-01,1.000000000000000000e+00,0.000000000000000000e+00,0.000000000000000000e+00,1.000000000000000000e+00,0.000000000000000000e+00,1.000000000000000000e+00,0.000000000000000000e+00,0.000000000000000000e+00,0.000000000000000000e+00,1.000000000000000000e+00,1.000000000000000000e+00,0.000000000000000000e+00
-5.892750733955323117e-01,-9.975526383830292387e-02,4.859772868130415313e-01,4.697424111155349968e-01,-8.141634359064574555e-01,1.999212559257461885e+00,0.000000000000000000e+00,0.000000000000000000e+00,1.000000000000000000e+00,0.000000000000000000e+00,1.000000000000000000e+00,0.000000000000000000e+00,0.000000000000000000e+00,0.000000000000000000e+00,1.000000000000000000e+00,1.000000000000000000e+00,1.000000000000000000e+00,1.000000000000000000e+00
2.608266718308092091e-01,-6.437900516561757547e-01,-1.855398467021061260e+00,3.924899920237558959e-01,-8.141634359064574555e-01,5.404629697116543063e-01,0.000000000000000000e+00,0.000000000000000000e+00,1.000000000000000000e+00,1.000000000000000000e+00,0.000000000000000000e+00,1.000000000000000000e+00,0.000000000000000000e+00,0.000000000000000000e+00,0.000000000000000000e+00,1.000000000000000000e+00,0.000000000000000000e+00,0.000000000000000000e+00
4.830123552422381505e-02,1.532349099615315513e+00,9.341312396953502795e-01,1.435397649762773842e+00,-8.141634359064574555e-01,-9.182866198341532726e-01,1.000000000000000000e+00,0.000000000000000000e+00,0.000000000000000000e+00,0.000000000000000000e+00,0.000000000000000000e+00,1.000000000000000000e+00,0.000000000000000000e+00,0.000000000000000000e+00,0.000000000000000000e+00,1.000000000000000000e+00,0.000000000000000000e+00,0.000000000000000000e+00
6.858775444439799696e-01,1.532349099615315513e+00,-1.855398467021061260e+00,4.311162015696454186e-01,-4.540972245402789542e-01,5.404629697116543063e-01,0.000000000000000000e+00,0.000000000000000000e+00,1.000000000000000000e+00,0.000000000000000000e+00,0.000000000000000000e+00,1.000000000000000000e+00,0.000000000000000000e+00,0.000000000000000000e+00,0.000000000000000000e+00,1.000000000000000000e+00,0.000000000000000000e+00,0.000000000000000000e+00
-1.545639536775166523e+00,-6.437900516561757547e-01,-2.619865933816846112e-02,8.560045065744305015e-01,8.600209250898868674e-02,-9.182866198341532726e-01,1.000000000000000000e+00,0.000000000000000000e+00,0.000000000000000000e+00,0.000000000000000000e+00,0.000000000000000000e+00,1.000000000000000000e+00,0.000000000000000000e+00,0.000000000000000000e+00,0.000000000000000000e+00,1.000000000000000000e+00,0.000000000000000000e+00,1.000000000000000000e+00
-5.892750733955323117e-01,-6.437900516561757547e-01,5.225612829666993475e-01,-8.821749229905994083e-01,9.861676209244346625e-01,5.404629697116543063e-01,0.000000000000000000e+00,0.000000000000000000e+00,1.000000000000000000e+00,0.000000000000000000e+00,0.000000000000000000e+00,1.000000000000000000e+00,0.000000000000000000e+00,0.000000000000000000e+00,0.000000000000000000e+00,1.000000000000000000e+00,0.000000000000000000e+00,0.000000000000000000e+00
7.921402625972726597e-01,5.530864815431444370e-01,-2.619865933816846112e-02,-1.461568066178942749e+00,5.360848567167117995e-01,5.404629697116543063e-01,0.000000000000000000e+00,0.000000000000000000e+00,0.000000000000000000e+00,1.000000000000000000e+00,0.000000000000000000e+00,0.000000000000000000e+00,1.000000000000000000e+00,0.000000000000000000e+00,0.000000000000000000e+00,1.000000000000000000e+00,1.000000000000000000e+00,0.000000000000000000e+00
-5.796148262906887505e-02,-6.437900516561757547e-01,-1.855398467021061260e+00,-1.654699113908390418e+00,-8.141634359064574555e-01,5.404629697116543063e-01,1.000000000000000000e+00,0.000000000000000000e+00,0.000000000000000000e+00,0.000000000000000000e+00,0.000000000000000000e+00,1.000000000000000000e+00,0.000000000000000000e+00,0.000000000000000000e+00,0.000000000000000000e+00,1.000000000000000000e+00,0.000000000000000000e+00,0.000000000000000000e+00
-1.642242007823615790e-01,-3.717726577472393323e-01,8.355332912280510893e-02,1.165014182941547016e+00,8.600209250898868674e-02,1.999212559257461885e+00,0.000000000000000000e+00,0.000000000000000000e+00,1.000000000000000000e+00,0.000000000000000000e+00,0.000000000000000000e+00,0.000000000000000000e+00,0.000000000000000000e+00,0.000000000000000000e+00,1.000000000000000000e+00,1.000000000000000000e+00,0.000000000000000000e+00,0.000000000000000000e+00
4.830123552422381505e-02,-1.296631797037623102e+00,5.865832762356006924e-01,1.126387973395657438e+00,-8.141634359064574555e-01,-9.182866198341532726e-01,0.000000000000000000e+00,1.000000000000000000e+00,0.000000000000000000e+00,0.000000000000000000e+00,1.000000000000000000e+00,0.000000000000000000e+00,0.000000000000000000e+00,0.000000000000000000e+00,0.000000000000000000e+00,0.000000000000000000e+00,0.000000000000000000e+00,0.000000000000000000e+00
-8.018005097021176919e-01,3.354725664159953213e-01,3.670792993136535176e-01,5.469948302073140978e-01,-8.141634359064574555e-01,-9.182866198341532726e-01,0.000000000000000000e+00,0.000000000000000000e+00,1.000000000000000000e+00,0.000000000000000000e+00,1.000000000000000000e+00,1.000000000000000000e+00,0.000000000000000000e+00,0.000000000000000000e+00,0.000000000000000000e+00,0.000000000000000000e+00,0.000000000000000000e+00,1.000000000000000000e+00
-1.333114100468581142e+00,-3.717726577472393323e-01,-1.725346439527998821e-01,1.628528697492221511e+00,-8.141634359064574555e-01,-9.182866198341532726e-01,1.000000000000000000e+00,0.000000000000000000e+00,0.000000000000000000e+00,0.000000000000000000e+00,0.000000000000000000e+00,1.000000000000000000e+00,0.000000000000000000e+00,0.000000000000000000e+00,0.000000000000000000e+00,0.000000000000000000e+00,0.000000000000000000e+00,0.000000000000000000e+00
8.984029807505653498e-01,-2.085622214018774956e-01,4.696933296914725109e-02,8.348031565663945053e-02,-8.141634359064574555e-01,-9.182866198341532726e-01,1.000000000000000000e+00,0.000000000000000000e+00,0.000000000000000000e+00,0.000000000000000000e+00,1.000000000000000000e+00,0.000000000000000000e+00,0.000000000000000000e+00,0.000000000000000000e+00,0.000000000000000000e+00,1.000000000000000000e+00,1.000000000000000000e+00,0.000000000000000000e+00
4.733521081373945893e-01,-3.717726577472393323e-01,8.884012445032779537e-01,1.280892811579215529e+00,-8.141634359064574555e-01,1.999212559257461885e+00,0.000000000000000000e+00,0.000000000000000000e+00,1.000000000000000000e+00,0.000000000000000000e+00,1.000000000000000000e+00,0.000000000000000000e+00,0.000000000000000000e+00,0.000000000000000000e+00,1.000000000000000000e+00,1.000000000000000000e+00,0.000000000000000000e+00,0.000000000000000000e+00
-5.892750733955323117e-01,-5.349830940926011413e-01,1.750133195069497605e-01,1.860285954767558980e+00,-8.141634359064574555e-01,-9.182866198341532726e-01,0.000000000000000000e+00,0.000000000000000000e+00,1.000000000000000000e+00,0.000000000000000000e+00,1.000000000000000000e+00,0.000000000000000000e+00,0.000000000000000000e+00,0.000000000000000000e+00,0.000000000000000000e+00,1.000000000000000000e+00,0.000000000000000000e+00,0.000000000000000000e+00
-9.080632278554103820e-01,-6.437900516561757547e-01,2.024513166221931504e-01,8.348031565663945053e-02,-8.141634359064574555e-01,-9.182866198341532726e-01,0.000000000000000000e+00,0.000000000000000000e+00,1.000000000000000000e+00,0.000000000000000000e+00,0.000000000000000000e+00,1.000000000000000000e+00,0.000000000000000000e+00,0.000000000000000000e+00,0.000000000000000000e+00,1.000000000000000000e+00,0.000000000000000000e+00,0.000000000000000000e+00
1.217191135210443420e+00,9.883143117974426684e-01,2.024513166221931504e-01,-9.208011325364889865e-01,8.600209250898868674e-02,3.457962148803269908e+00,0.000000000000000000e+00,0.000000000000000000e+00,1.000000000000000000e+00,0.000000000000000000e+00,1.000000000000000000e+00,1.000000000000000000e+00,0.000000000000000000e+00,0.000000000000000000e+00,1.000000000000000000e+00,0.000000000000000000e+00,0.000000000000000000e+00,0.000000000000000000e+00
-2.704869189356542414e-01,-2.085622214018774956e-01,-1.855398467021061260e+00,-1.191184599357715923e+00,-8.141634359064574555e-01,-9.182866198341532726e-01,0.000000000000000000e+00,0.000000000000000000e+00,1.000000000000000000e+00,0.000000000000000000e+00,0.000000000000000000e+00,1.000000000000000000e+00,0.000000000000000000e+00,0.000000000000000000e+00,0.000000000000000000e+00,1.000000000000000000e+00,0.000000000000000000e+00,0.000000000000000000e+00
4.830123552422381505e-02,1.532349099615315513e+00,-7.192865453024077649e-02,-3.027817798022561235e-01,8.600209250898868674e-02,-9.182866198341532726e-01,1.000000000000000000e+00,0.000000000000000000e+00,0.000000000000000000e+00,1.000000000000000000e+00,0.000000000000000000e+00,0.000000000000000000e+00,0.000000000000000000e+00,0.000000000000000000e+00,0.000000000000000000e+00,1.000000000000000000e+00,0.000000000000000000e+00,0.000000000000000000e+00
1.429716571517028800e+00,1.097121269361017282e+00,6.780432666197452329e-01,1.319519021125105107e+00,-8.141634359064574555e-01,5.404629697116543063e-01,0.000000000000000000e+00,1.000000000000000000e+00,0.000000000000000000e+00,0.000000000000000000e+00,0.000000000000000000e+00,0.000000000000000000e+00,0.000000000000000000e+00,0.000000000000000000e+00,0.000000000000000000e+00,0.000000000000000000e+00,0.000000000000000000e+00,0.000000000000000000e+00
-5.796148262906887505e-02,-4.261761365290266390e-01,5.225612829666993475e-01,-9.980535516282680319e-01,1.886333149339880944e+00,-9.182866198341532726e-01,0.000000000000000000e+00,0.000000000000000000e+00,1.000000000000000000e+00,1.000000000000000000e+00,0.000000000000000000e+00,1.000000000000000000e+00,0.000000000000000000e+00,0.000000000000000000e+00,0.000000000000000000e+00,1.000000000000000000e+00,0.000000000000000000e+00,1.000000000000000000e+00
-5.892750733955323117e-01,-4.261761365290266390e-01,4.768312877746270773e-01,1.435397649762773842e+00,-8.141634359064574555e-01,1.999212559257461885e+00,0.000000000000000000e+00,1.000000000000000000e+00,0.000000000000000000e+00,0.000000000000000000e+00,0.000000000000000000e+00,0.000000000000000000e+00,0.000000000000000000e+00,0.000000000000000000e+00,0.000000000000000000e+00,1.000000000000000000e+00,1.000000000000000000e+00,0.000000000000000000e+00
-5.796148262906887505e-02,5.530864815431444370e-01,2.115973156606076044e-01,-1.036679761174157610e+00,-8.141634359064574555e-01,-9.182866198341532726e-01,0.000000000000000000e+00,0.000000000000000000e+00,1.000000000000000000e+00,0.000000000000000000e+00,1.000000000000000000e+00,0.000000000000000000e+00,0.000000000000000000e+00,0.000000000000000000e+00,1.000000000000000000e+00,1.000000000000000000e+00,0.000000000000000000e+00,1.000000000000000000e+00
1.545639536775164913e-01,4.442795239795698792e-01,2.390353127758509943e-01,-1.075305970720047188e+00,-3.640806716987343705e-01,-9.182866198341532726e-01,0.000000000000000000e+00,0.000000000000000000e+00,1.000000000000000000e+00,0.000000000000000000e+00,0.000000000000000000e+00,1.000000000000000000e+00,0.000000000000000000e+00,0.000000000000000000e+00,0.000000000000000000e+00,1.000000000000000000e+00,0.000000000000000000e+00,1.000000000000000000e+00
-1.226851382315288452e+00,-1.623052669728346942e+00,5.682912781587716733e-01,-6.117914561693725828e-01,-2.740641188571897868e-01,-9.182866198341532726e-01,0.000000000000000000e+00,0.000000000000000000e+00,1.000000000000000000e+00,0.000000000000000000e+00,1.000000000000000000e+00,1.000000000000000000e+00,0.000000000000000000e+00,0.000000000000000000e+00,0.000000000000000000e+00,0.000000000000000000e+00,0.000000000000000000e+00,0.000000000000000000e+00
5.796148262906872795e-01,-1.187824839474048488e+00,-1.855398467021061260e+00,-1.693325323454279996e+00,-8.141634359064574555e-01,5.404629697116543063e-01,0.000000000000000000e+00,0.000000000000000000e+00,1.000000000000000000e+00,0.000000000000000000e+00,0.000000000000000000e+00,1.000000000000000000e+00,0.000000000000000000e+00,1.000000000000000000e+00,0.000000000000000000e+00,1.000000000000000000e+00,0.000000000000000000e+00,0.000000000000000000e+00
-1.545639536775166523e+00,-2.058280499982644951e+00,-3.534465837658292559e-02,1.589902487946332155e+00,-8.141634359064574555e-01,-9.182866198341532726e-01,0.000000000000000000e+00,1.000000000000000000e+00,0.000000000000000000e+00,0.000000000000000000e+00,0.000000000000000000e+00,0.000000000000000000e+00,0.000000000000000000e+00,0.000000000000000000e+00,0.000000000000000000e+00,0.000000000000000000e+00,0.000000000000000000e+00,0.000000000000000000e+00
-1.642242007823615790e-01,-1.079017881910474097e+00,1.272533204116685468e+00,-1.616072904362500839e+00,8.600209250898868674e-02,5.404629697116543063e-01,0.000000000000000000e+00,0.000000000000000000e+00,1.000000000000000000e+00,1.000000000000000000e+00,0.000000000000000000e+00,1.000000000000000000e+00,0.000000000000000000e+00,0.000000000000000000e+00,0.000000000000000000e+00,1.000000000000000000e+00,0.000000000000000000e+00,1.000000000000000000e+00
1.110928417057150730e+00,1.178586512888462057e-01,6.414592704660874167e-01,-1.384315647087163592e+00,2.786498677755326892e+00,5.404629697116543063e-01,0.000000000000000000e+00,0.000000000000000000e+00,1.000000000000000000e+00,0.000000000000000000e+00,0.000000000000000000e+00,0.000000000000000000e+00,1.000000000000000000e+00,0.000000000000000000e+00,0.000000000000000000e+00,1.000000000000000000e+00,0.000000000000000000e+00,1.000000000000000000e+00
2.608266718308092091e-01,-9.975526383830292387e-02,1.658673204685352787e-01,9.718831352120992362e-01,-8.141634359064574555e-01,-9.182866198341532726e-01,1.000000000000000000e+00,0.000000000000000000e+00,0.000000000000000000e+00,0.000000000000000000e+00,1.000000000000000000e+00,0.000000000000000000e+00,0.000000000000000000e+00,0.000000000000000000e+00,1.000000000000000000e+00,1.000000000000000000e+00,0.000000000000000000e+00,0.000000000000000000e+00
7.921402625972726597e-01,3.708488250886806892e+00,-1.855398467021061260e+00,-2.620354352555629429e+00,-8.141634359064574555e-01,5.404629697116543063e-01,0.000000000000000000e+00,1.000000000000000000e+00,0.000000000000000000e+00,1.000000000000000000e+00,0.000000000000000000e+00,1.000000000000000000e+00,0.000000000000000000e+00,0.000000000000000000e+00,0.000000000000000000e+00,1.000000000000000000e+00,0.000000000000000000e+00,0.000000000000000000e+00
-5.892750733955323117e-01,9.051693725271635696e-03,1.567213214301208246e-01,9.332569256662096580e-01,-8.141634359064574555e-01,5.404629697116543063e-01,0.000000000000000000e+00,1.000000000000000000e+00,0.000000000000000000e+00,1.000000000000000000e+00,0.000000000000000000e+00,1.000000000000000000e+00,0.000000000000000000e+00,1.000000000000000000e+00,0.000000000000000000e+00,1.000000000000000000e+00,1.000000000000000000e+00,0.000000000000000000e+00
-3.767496370889469315e-01,-6.437900516561757547e-01,-1.855398467021061260e+00,7.014996683908722996e-01,-8.141634359064574555e-01,5.404629697116543063e-01,0.000000000000000000e+00,0.000000000000000000e+00,1.000000000000000000e+00,1.000000000000000000e+00,0.000000000000000000e+00,0.000000000000000000e+00,0.000000000000000000e+00,1.000000000000000000e+00,0.000000000000000000e+00,1.000000000000000000e+00,0.000000000000000000e+00,1.000000000000000000e+00
6.858775444439799696e-01,-9.975526383830292387e-02,-1.855398467021061260e+00,-3.027817798022561235e-01,1.760186453505333815e-01,5.404629697116543063e-01,0.000000000000000000e+00,0.000000000000000000e+00,1.000000000000000000e+00,1.000000000000000000e+00,0.000000000000000000e+00,0.000000000000000000e+00,1.000000000000000000e+00,0.000000000000000000e+00,0.000000000000000000e+00,1.000000000000000000e+00,0.000000000000000000e+00,1.000000000000000000e+00
-9.080632278554103820e-01,-9.158074455651121770e-01,5.225612829666993475e-01,1.821659745221669402e+00,-8.141634359064574555e-01,-9.182866198341532726e-01,0.000000000000000000e+00,0.000000000000000000e+00,1.000000000000000000e+00,0.000000000000000000e+00,1.000000000000000000e+00,0.000000000000000000e+00,0.000000000000000000e+00,0.000000000000000000e+00,0.000000000000000000e+00,1.000000000000000000e+00,0.000000000000000000e+00,0.000000000000000000e+00
8.984029807505653498e-01,-9.158074455651121770e-01,-1.855398467021061260e+00,-2.543101933463850273e+00,-1.264246200114180541e+00,5.404629697116543063e-01,0.000000000000000000e+00,0.000000000000000000e+00,1.000000000000000000e+00,0.000000000000000000e+00,0.000000000000000000e+00,1.000000000000000000e+00,0.000000000000000000e+00,0.000000000000000000e+00,0.000000000000000000e+00,1.000000000000000000e+00,0.000000000000000000e+00,1.000000000000000000e+00
6.858775444439799696e-01,2.620418675251061202e+00,-1.855398467021061260e+00,8.348031565663945053e-02,5.360848567167117995e-01,-9.182866198341532726e-01,0.000000000000000000e+00,1.000000000000000000e+00,0.000000000000000000e+00,1.000000000000000000e+00,0.000000000000000000e+00,1.000000000000000000e+00,0.000000000000000000e+00,0.000000000000000000e+00,0.000000000000000000e+00,1.000000000000000000e+00,0.000000000000000000e+00,1.000000000000000000e+00
